Product ID,Category,Sub-Category,Product Name
TEC-PH-5816,Technology,Phones,Samsung Convoy 3
FUR-CH-5379,Furniture,Chairs,"Novimex Executive Leather Armchair, Black"
TEC-PH-5356,Technology,Phones,"Nokia Smart Phone, with Caller ID"
TEC-PH-5267,Technology,Phones,"Motorola Smart Phone, Cordless"
TEC-CO-6011,Technology,Copiers,"Sharp Wireless Fax, High-Speed"
TEC-PH-5842,Technology,Phones,"Samsung Smart Phone, with Caller ID"
FUR-CH-5378,Furniture,Chairs,"Novimex Executive Leather Armchair, Adjustable"
FUR-TA-3764,Furniture,Tables,"Chromcraft Conference Table, Fully Assembled"
FUR-BO-5957,Furniture,Bookcases,"Sauder Facets Collection Library, Sky Alder Finish"
FUR-CH-4421,Furniture,Chairs,"Global Push Button Manager's Chair, Indigo"
OFF-AR-5309,Office Supplies,Art,Newell 330
FUR-TA-3420,Furniture,Tables,"Bevis Conference Table, Fully Assembled"
TEC-PH-3807,Technology,Phones,"Cisco Smart Phone, with Caller ID"
FUR-CH-4530,Furniture,Chairs,"Harbour Creations Executive Leather Armchair, Adjustable"
OFF-AP-4959,Office Supplies,Appliances,"KitchenAid Microwave, White"
OFF-AP-3575,Office Supplies,Appliances,"Breville Refrigerator, Red"
OFF-ST-3078,Office Supplies,Storage,Akro Stacking Bins
OFF-AP-4743,Office Supplies,Appliances,"Hoover Stove, Red"
TEC-CO-3597,Technology,Copiers,"Brother Fax Machine, High-Speed"
OFF-AP-4967,Office Supplies,Appliances,"KitchenAid Stove, White"
FUR-TA-4644,Furniture,Tables,"Hon Computer Table, with Bottom Storage"
OFF-ST-3744,Office Supplies,Storage,"Carina 42""Hx23 3/4""W Media Storage Unit"
FUR-CH-5774,Furniture,Chairs,"SAFCO Executive Leather Armchair, Black"
OFF-AP-4960,Office Supplies,Appliances,"KitchenAid Refrigerator, Black"
TEC-PH-5268,Technology,Phones,"Motorola Smart Phone, Full Size"
FUR-TA-4643,Furniture,Tables,"Hon Computer Table, Fully Assembled"
FUR-TA-5060,Furniture,Tables,"Lesro Conference Table, with Bottom Storage"
OFF-FA-6129,Office Supplies,Fasteners,Staples
FUR-CH-5443,Furniture,Chairs,"Office Star Executive Leather Armchair, Red"
TEC-PH-5841,Technology,Phones,"Samsung Smart Phone, VoIP"
TEC-MA-5503,Technology,Machines,"Okidata Inkjet, Wireless"
TEC-PH-4389,Technology,Phones,Geemarc AmpliPOWER60
OFF-AP-3579,Office Supplies,Appliances,"Breville Stove, Red"
OFF-ST-4291,Office Supplies,Storage,Fellowes Super Stor/Drawer Files
TEC-PH-3148,Technology,Phones,"Apple Smart Phone, Full Size"
FUR-CH-4840,Furniture,Chairs,"Iceberg Nesting Folding Chair, 19w x 6d x 43h"
TEC-AC-6340,Technology,Accessories,"Verbatim 25 GB 6x Blu-ray Single Layer Recordable Disc, 10/Pack"
TEC-CO-3598,Technology,Copiers,"Brother Fax Machine, Laser"
TEC-PH-5269,Technology,Phones,"Motorola Smart Phone, with Caller ID"
FUR-BO-5951,Furniture,Bookcases,"Sauder Classic Bookcase, Traditional"
OFF-AP-3874,Office Supplies,Appliances,"Cuisinart Stove, Silver"
FUR-FU-4072,Furniture,Furnishings,"Eldon Image Series Desk Accessories, Ebony"
FUR-CH-5441,Furniture,Chairs,"Office Star Executive Leather Armchair, Adjustable"
FUR-CH-5380,Furniture,Chairs,"Novimex Executive Leather Armchair, Red"
TEC-MA-5007,Technology,Machines,"Konica Inkjet, White"
FUR-CH-4531,Furniture,Chairs,"Harbour Creations Executive Leather Armchair, Black"
OFF-BI-4372,Office Supplies,Binders,GBC VeloBind Cover Sets
TEC-CO-3678,Technology,Copiers,"Canon Copy Machine, Color"
OFF-LA-3231,Office Supplies,Labels,Avery 51
FUR-BO-5762,Furniture,Bookcases,"Safco Classic Bookcase, Pine"
TEC-CO-4590,Technology,Copiers,"Hewlett Wireless Fax, Color"
OFF-BI-2937,Office Supplies,Binders,"ACCOHIDE 3-Ring Binder, Blue, 1"""
FUR-TA-3766,Furniture,Tables,"Chromcraft Conference Table, with Bottom Storage"
OFF-AP-3577,Office Supplies,Appliances,"Breville Refrigerator, White"
OFF-PA-4014,Office Supplies,Paper,EcoTones Memo Sheets
FUR-BO-5760,Furniture,Bookcases,"Safco Classic Bookcase, Metal"
OFF-AR-3276,Office Supplies,Art,Avery Fluorescent Highlighter Four-Color Set
TEC-PH-5839,Technology,Phones,"Samsung Smart Phone, Cordless"
TEC-PH-3130,Technology,Phones,"Apple Audio Dock, with Caller ID"
TEC-MA-3788,Technology,Machines,Cisco CP-7937G Unified IP Conference Station Phone
FUR-TA-3779,Furniture,Tables,"Chromcraft Wood Table, Rectangular"
FUR-TA-3771,Furniture,Tables,"Chromcraft Round Table, Rectangular"
OFF-AP-4497,Office Supplies,Appliances,"Hamilton Beach Microwave, Black"
FUR-TA-3422,Furniture,Tables,"Bevis Conference Table, with Bottom Storage"
TEC-PH-5355,Technology,Phones,"Nokia Smart Phone, Full Size"
TEC-PH-3147,Technology,Phones,"Apple Smart Phone, Cordless"
TEC-MA-3329,Technology,Machines,Bady BDG101FRU Card Printer
TEC-CO-3599,Technology,Copiers,"Brother Ink, Color"
TEC-CO-6010,Technology,Copiers,"Sharp Wireless Fax, Digital"
FUR-CH-4654,Furniture,Chairs,"Hon Executive Leather Armchair, Adjustable"
TEC-CO-3710,Technology,Copiers,"Canon Wireless Fax, Laser"
FUR-BO-3176,Furniture,Bookcases,"Atlantic Metals Mobile 4-Shelf Bookcases, Custom Colors"
OFF-BI-3324,Office Supplies,Binders,"Avery Trapezoid Extra Heavy Duty 4"" Binders"
OFF-AP-4501,Office Supplies,Appliances,"Hamilton Beach Refrigerator, Black"
OFF-AP-4745,Office Supplies,Appliances,"Hoover Stove, White"
TEC-CO-3611,Technology,Copiers,"Brother Wireless Fax, Laser"
FUR-BO-4849,Furniture,Bookcases,"Ikea Classic Bookcase, Mobile"
FUR-TA-5066,Furniture,Tables,"Lesro Sheffield Collection Coffee Table, End Table, Center Table, Corner Table"
OFF-AP-4508,Office Supplies,Appliances,"Hamilton Beach Stove, White"
OFF-BI-3308,Office Supplies,Binders,Avery Recycled Flexi-View Covers for Binding Systems
TEC-MA-5572,Technology,Machines,"Panasonic Printer, Red"
OFF-AP-4503,Office Supplies,Appliances,"Hamilton Beach Refrigerator, Silver"
TEC-PH-3806,Technology,Phones,"Cisco Smart Phone, Full Size"
TEC-PH-5840,Technology,Phones,"Samsung Smart Phone, Full Size"
TEC-CO-5999,Technology,Copiers,"Sharp Fax Machine, High-Speed"
OFF-PA-6512,Office Supplies,Paper,Xerox 1956
FUR-BO-3891,Furniture,Bookcases,"Dania Classic Bookcase, Pine"
FUR-CH-5442,Furniture,Chairs,"Office Star Executive Leather Armchair, Black"
OFF-ST-4516,Office Supplies,Storage,Hanging Personal Folder File
TEC-PH-3149,Technology,Phones,"Apple Smart Phone, with Caller ID"
FUR-BO-5948,Furniture,Bookcases,"Sauder Classic Bookcase, Metal"
TEC-CO-6012,Technology,Copiers,"Sharp Wireless Fax, Laser"
OFF-AP-4738,Office Supplies,Appliances,"Hoover Refrigerator, White"
OFF-PA-6557,Office Supplies,Paper,Xerox 1998
TEC-CO-4593,Technology,Copiers,"Hewlett Wireless Fax, Laser"
OFF-BI-3185,Office Supplies,Binders,"Avery 3 1/2"" Diskette Storage Pages, 10/Pack"
FUR-BO-3639,Furniture,Bookcases,"Bush Library with Doors, Metal"
TEC-CO-4790,Technology,Copiers,"HP Wireless Fax, Digital"
FUR-TA-4622,Furniture,Tables,Hon 5100 Series Wood Tables
OFF-BI-4340,Office Supplies,Binders,GBC DocuBind P400 Electric Binding System
TEC-CO-3709,Technology,Copiers,"Canon Wireless Fax, High-Speed"
TEC-CO-5998,Technology,Copiers,"Sharp Fax Machine, Digital"
FUR-CH-4613,Furniture,Chairs,Hon 2090 âPillow Softâ Series Mid Back Swivel/Tilt Chairs
OFF-AP-4221,Office Supplies,Appliances,"Eureka The Boss Lite 10-Amp Upright Vacuum, Blue"
TEC-AC-5858,Technology,Accessories,SanDisk Cruzer 64 GB USB Flash Drive
TEC-CO-3587,Technology,Copiers,"Brother Copy Machine, Color"
TEC-CO-4577,Technology,Copiers,"Hewlett Fax Machine, High-Speed"
TEC-AC-3405,Technology,Accessories,"Belkin Router, USB"
FUR-BO-5761,Furniture,Bookcases,"Safco Classic Bookcase, Mobile"
OFF-PA-6214,Office Supplies,Paper,Strathmore Photo Mount Cards
FUR-BO-5787,Furniture,Bookcases,"Safco Library with Doors, Pine"
OFF-AP-4736,Office Supplies,Appliances,"Hoover Refrigerator, Red"
TEC-MA-6150,Technology,Machines,"StarTech Printer, Wireless"
OFF-PA-6430,Office Supplies,Paper,Xerox 1881
TEC-AC-5223,Technology,Accessories,"Memorex Router, Bluetooth"
TEC-AC-5109,Technology,Accessories,Logitech G600 MMO Gaming Mouse
FUR-BO-5763,Furniture,Bookcases,"Safco Classic Bookcase, Traditional"
TEC-AC-3403,Technology,Accessories,"Belkin Router, Erganomic"
FUR-BO-3624,Furniture,Bookcases,"Bush Classic Bookcase, Metal"
TEC-CO-4789,Technology,Copiers,"HP Wireless Fax, Color"
FUR-FU-4762,Furniture,Furnishings,"Howard Miller 14-1/2"" Diameter Chrome Round Wall Clock"
OFF-BI-4819,Office Supplies,Binders,Ibico Covers for Plastic or Wire Binding Elements
FUR-TA-5064,Furniture,Tables,"Lesro Round Table, Rectangular"
OFF-SU-2972,Office Supplies,Supplies,Acme Forged Steel Scissors with Black Enamel Handles
OFF-AP-4502,Office Supplies,Appliances,"Hamilton Beach Refrigerator, Red"
OFF-AP-4507,Office Supplies,Appliances,"Hamilton Beach Stove, Silver"
FUR-TA-5065,Furniture,Tables,"Lesro Round Table, with Bottom Storage"
OFF-PA-6420,Office Supplies,Paper,"Wirebound Message Books, Four 2 3/4"" x 5"" Forms per Page, 600 Sets per Book"
FUR-CH-4532,Furniture,Chairs,"Harbour Creations Executive Leather Armchair, Red"
TEC-PH-3805,Technology,Phones,"Cisco Smart Phone, Cordless"
OFF-BI-2911,Office Supplies,Binders,Acco Hanging Data Binders
TEC-AC-5744,Technology,Accessories,Sabrent 4-Port USB 2.0 Hub
TEC-AC-4185,Technology,Accessories,"Enermax Router, Bluetooth"
OFF-PA-6596,Office Supplies,Paper,Xerox 231
TEC-MA-4205,Technology,Machines,"Epson Printer, Durable"
FUR-TA-4642,Furniture,Tables,"Hon Computer Table, Adjustable Height"
OFF-PA-3114,Office Supplies,Paper,"Ampad Gold Fibre Wirebound Steno Books, 6"" x 9"", Gregg Ruled"
FUR-TA-5054,Furniture,Tables,"Lesro Computer Table, Adjustable Height"
FUR-TA-5072,Furniture,Tables,"Lesro Wood Table, Fully Assembled"
TEC-PH-5354,Technology,Phones,"Nokia Smart Phone, Cordless"
FUR-TA-4706,Furniture,Tables,"Hon Training Table, Fully Assembled"
FUR-TA-3344,Furniture,Tables,"Barricks Conference Table, Fully Assembled"
FUR-TA-5421,Furniture,Tables,"Office Impressions End Table, 20-1/2""H x 24""W x 20""D"
OFF-AP-3574,Office Supplies,Appliances,"Breville Refrigerator, Black"
FUR-FU-3936,Furniture,Furnishings,Deflect-o DuraMat Antistatic Studded Beveled Mat for Medium Pile Carpeting
OFF-AP-3581,Office Supplies,Appliances,"Breville Stove, White"
FUR-TA-4943,Furniture,Tables,KI Adjustable-Height Table
OFF-AP-4966,Office Supplies,Appliances,"KitchenAid Stove, Silver"
OFF-ST-6049,Office Supplies,Storage,"Smead Lockers, Wire Frame"
TEC-CO-5991,Technology,Copiers,"Sharp Copy Machine, High-Speed"
OFF-BI-4338,Office Supplies,Binders,GBC DocuBind 300 Electric Binding Machine
OFF-AP-3580,Office Supplies,Appliances,"Breville Stove, Silver"
OFF-ST-6047,Office Supplies,Storage,"Smead Lockers, Industrial"
OFF-SU-5635,Office Supplies,Supplies,Premier Electric Letter Opener
FUR-FU-4756,Furniture,Furnishings,"Howard Miller 12"" Round Wall Clock"
TEC-AC-6351,Technology,Accessories,WD My Passport Ultra 1TB Portable External Hard Drive
TEC-CO-3608,Technology,Copiers,"Brother Wireless Fax, Color"
OFF-ST-4257,Office Supplies,Storage,"Fellowes File Cart, Blue"
TEC-MA-4210,Technology,Machines,"Epson Receipt Printer, Red"
OFF-ST-4266,Office Supplies,Storage,"Fellowes Lockers, Blue"
FUR-BO-3903,Furniture,Bookcases,"Dania Library with Doors, Pine"
FUR-BO-4862,Furniture,Bookcases,"Ikea Library with Doors, Pine"
FUR-BO-3640,Furniture,Bookcases,"Bush Library with Doors, Mobile"
FUR-BO-5950,Furniture,Bookcases,"Sauder Classic Bookcase, Pine"
FUR-FU-4022,Furniture,Furnishings,"Eldon 400 Class Desk Accessories, Black Carbon"
OFF-AP-3571,Office Supplies,Appliances,"Breville Microwave, Red"
OFF-SU-3839,Office Supplies,Supplies,Compact Automatic Electric Letter Opener
FUR-CH-5429,Furniture,Chairs,Office Star - Mesh Screen back chair with Vinyl seat
OFF-AP-4732,Office Supplies,Appliances,"Hoover Microwave, Silver"
OFF-AP-4962,Office Supplies,Appliances,"KitchenAid Refrigerator, Silver"
OFF-PA-6415,Office Supplies,Paper,"Wirebound Message Book, 4 per Page"
OFF-PA-6577,Office Supplies,Paper,Xerox 214
OFF-FA-5459,Office Supplies,Fasteners,OIC Binder Clips
OFF-PA-3115,Office Supplies,Paper,"Ampad Phone Message Book, Recycled, 400 Message Capacity, 5 Â¾â x 11â"
FUR-TA-3358,Furniture,Tables,"Barricks Wood Table, Rectangular"
FUR-BO-5967,Furniture,Bookcases,"Sauder Library with Doors, Mobile"
FUR-BO-3626,Furniture,Bookcases,"Bush Classic Bookcase, Pine"
FUR-TA-3345,Furniture,Tables,"Barricks Conference Table, Rectangular"
OFF-AR-5327,Office Supplies,Art,Newell 347
OFF-AP-4739,Office Supplies,Appliances,Hoover Replacement Belt for Commercial Guardsman Heavy-Duty Upright Vacuum
FUR-TA-4645,Furniture,Tables,"Hon Conference Table, Adjustable Height"
FUR-CH-5776,Furniture,Chairs,"SAFCO Executive Leather Armchair, Set of Two"
OFF-AP-4505,Office Supplies,Appliances,"Hamilton Beach Stove, Black"
OFF-LA-5591,Office Supplies,Labels,Permanent Self-Adhesive File Folder Labels for Typewriters by Universal
OFF-AR-5458,Office Supplies,Art,"OIC #2 Pencils, Medium Soft"
OFF-BI-3301,Office Supplies,Binders,Avery Metallic Poly Binders
TEC-MA-5017,Technology,Machines,"Konica Printer, Wireless"
FUR-BO-3627,Furniture,Bookcases,"Bush Classic Bookcase, Traditional"
OFF-AP-4964,Office Supplies,Appliances,"KitchenAid Stove, Black"
FUR-CH-4544,Furniture,Chairs,"Harbour Creations Rocking Chair, Adjustable"
FUR-BO-4848,Furniture,Bookcases,"Ikea Classic Bookcase, Metal"
TEC-CO-3596,Technology,Copiers,"Brother Fax Machine, Digital"
TEC-CO-4591,Technology,Copiers,"Hewlett Wireless Fax, Digital"
OFF-AP-3573,Office Supplies,Appliances,"Breville Microwave, White"
TEC-CO-3688,Technology,Copiers,"Canon Fax Machine, High-Speed"
FUR-CH-4656,Furniture,Chairs,"Hon Executive Leather Armchair, Red"
TEC-PH-3146,Technology,Phones,"Apple Signal Booster, with Caller ID"
TEC-CO-4792,Technology,Copiers,"HP Wireless Fax, Laser"
OFF-PA-6504,Office Supplies,Paper,Xerox 1949
TEC-CO-4571,Technology,Copiers,"Hewlett Fax and Copier, Color"
OFF-BI-4343,Office Supplies,Binders,GBC DocuBind TL300 Electric Binding System
FUR-CH-5430,Furniture,Chairs,Office Star - Mid Back Dual function Ergonomic High Back Chair with 2-Way Adjustable Arms
FUR-TA-3427,Furniture,Tables,Bevis Round Conference Table Top & Single Column Base
TEC-PH-5815,Technology,Phones,"Samsung Audio Dock, with Caller ID"
FUR-BO-5529,Furniture,Bookcases,O'Sullivan Living Dimensions 5-Shelf Bookcases
OFF-AP-4961,Office Supplies,Appliances,"KitchenAid Refrigerator, Red"
OFF-AP-4733,Office Supplies,Appliances,"Hoover Microwave, White"
OFF-ST-5691,Office Supplies,Storage,"Rogers File Cart, Blue"
FUR-CH-5412,Furniture,Chairs,"Novimex Swivel Stool, Black"
OFF-AP-3578,Office Supplies,Appliances,"Breville Stove, Black"
FUR-TA-3763,Furniture,Tables,"Chromcraft Conference Table, Adjustable Height"
TEC-AC-5138,Technology,Accessories,Logitech Trackman Marble Mouse
FUR-TA-5053,Furniture,Tables,"Lesro Coffee Table, with Bottom Storage"
OFF-BI-5638,Office Supplies,Binders,"Premium Transparent Presentation Covers, No Pattern/Clear, 8 1/2"" x 11"""
TEC-AC-5094,Technology,Accessories,Logitech 910-002974 M325 Wireless Mouse for Web Scrolling
FUR-CH-4655,Furniture,Chairs,"Hon Executive Leather Armchair, Black"
FUR-BO-3648,Furniture,Bookcases,"Bush Stackable Bookrack, Traditional"
FUR-BO-5969,Furniture,Bookcases,"Sauder Library with Doors, Traditional"
OFF-ST-6046,Office Supplies,Storage,"Smead Lockers, Blue"
TEC-CO-3595,Technology,Copiers,"Brother Fax Machine, Color"
OFF-ST-5702,Office Supplies,Storage,"Rogers Lockers, Single Width"
TEC-CO-4568,Technology,Copiers,"Hewlett Copy Machine, Color"
FUR-FU-4050,Furniture,Furnishings,"Eldon Expressions Punched Metal & Wood Desk Accessories, Black & Cherry"
TEC-CO-4588,Technology,Copiers,"Hewlett Personal Copier, High-Speed"
FUR-BO-4850,Furniture,Bookcases,"Ikea Classic Bookcase, Pine"
FUR-FU-3844,Furniture,Furnishings,"Computer Room Manger, 14"""
TEC-CO-4578,Technology,Copiers,"Hewlett Fax Machine, Laser"
OFF-AR-5285,Office Supplies,Art,Newell 309
OFF-AP-4504,Office Supplies,Appliances,"Hamilton Beach Refrigerator, White"
OFF-ST-5700,Office Supplies,Storage,"Rogers Lockers, Blue"
OFF-ST-6261,Office Supplies,Storage,"Tenex Lockers, Blue"
OFF-AP-3367,Office Supplies,Appliances,Belkin 7-Outlet SurgeMaster Home Series
FUR-CH-5456,Furniture,Chairs,"Office Star Swivel Stool, Red"
OFF-EN-2848,Office Supplies,Envelopes,"#10- 4 1/8"" x 9 1/2"" Recycled Envelopes"
OFF-BI-6094,Office Supplies,Binders,SpineVue Locking Slant-D Ring Binders by Cardinal
TEC-MA-5005,Technology,Machines,"Konica Card Printer, Wireless"
FUR-TA-3359,Furniture,Tables,"Barricks Wood Table, with Bottom Storage"
TEC-AC-3402,Technology,Accessories,"Belkin Router, Bluetooth"
OFF-LA-6021,Office Supplies,Labels,Smead Alpha-Z Color-Coded Name Labels First Letter Starter Set
FUR-TA-3343,Furniture,Tables,"Barricks Conference Table, Adjustable Height"
OFF-ST-6158,Office Supplies,Storage,Sterilite Show Offs Storage Containers
OFF-AP-3867,Office Supplies,Appliances,"Cuisinart Microwave, White"
OFF-LA-3224,Office Supplies,Labels,Avery 502
OFF-BI-3473,Office Supplies,Binders,Binder Posts
FUR-BO-5971,Furniture,Bookcases,"Sauder Stackable Bookrack, Mobile"
FUR-TA-5059,Furniture,Tables,"Lesro Conference Table, Rectangular"
TEC-MA-5502,Technology,Machines,"Okidata Inkjet, White"
TEC-CO-3706,Technology,Copiers,"Canon Personal Copier, Laser"
TEC-CO-3609,Technology,Copiers,"Brother Wireless Fax, Digital"
FUR-BO-5798,Furniture,Bookcases,"Safco Stackable Bookrack, Pine"
FUR-CH-5447,Furniture,Chairs,"Office Star Rocking Chair, Black"
FUR-BO-3641,Furniture,Bookcases,"Bush Library with Doors, Pine"
OFF-AP-4956,Office Supplies,Appliances,"KitchenAid Microwave, Black"
TEC-MA-4206,Technology,Machines,"Epson Printer, Red"
OFF-ST-4057,Office Supplies,Storage,"Eldon File Cart, Single Width"
FUR-TA-4711,Furniture,Tables,"Hon Wood Table, Fully Assembled"
TEC-CO-4592,Technology,Copiers,"Hewlett Wireless Fax, High-Speed"
TEC-MA-5511,Technology,Machines,"Okidata Printer, Red"
OFF-PA-6535,Office Supplies,Paper,Xerox 1978
TEC-PH-5263,Technology,Phones,"Motorola Signal Booster, Cordless"
OFF-ST-5708,Office Supplies,Storage,"Rogers Shelving, Wire Frame"
OFF-AP-3872,Office Supplies,Appliances,"Cuisinart Stove, Black"
FUR-BO-5786,Furniture,Bookcases,"Safco Library with Doors, Mobile"
OFF-BI-3729,Office Supplies,Binders,Cardinal Holdit Business Card Pockets
FUR-BO-5968,Furniture,Bookcases,"Sauder Library with Doors, Pine"
TEC-AC-5224,Technology,Accessories,"Memorex Router, Erganomic"
OFF-AR-3285,Office Supplies,Art,"Avery Hi-Liter GlideStik Fluorescent Highlighter, Yellow Ink"
FUR-TA-3442,Furniture,Tables,"Bevis Wood Table, with Bottom Storage"
FUR-CH-5411,Furniture,Chairs,"Novimex Swivel Stool, Adjustable"
OFF-BI-4884,Office Supplies,Binders,Insertable Tab Indexes For Data Binders
OFF-BI-4345,Office Supplies,Binders,GBC Ibimaster 500 Manual ProClick Binding System
OFF-AP-3873,Office Supplies,Appliances,"Cuisinart Stove, Red"
TEC-CO-3683,Technology,Copiers,"Canon Fax and Copier, Digital"
TEC-PH-5089,Technology,Phones,LG G3
FUR-FU-2871,Furniture,Furnishings,"3M Polarizing Task Lamp with Clamp Arm, Light Gray"
OFF-BI-4827,Office Supplies,Binders,Ibico Ibimaster 300 Manual Binding System
TEC-PH-2879,Technology,Phones,Aastra 6757i CT Wireless VoIP phone
TEC-AC-5136,Technology,Accessories,"Logitech Router, Programmable"
FUR-CH-5773,Furniture,Chairs,"SAFCO Executive Leather Armchair, Adjustable"
FUR-TA-3412,Furniture,Tables,Bevis Boat-Shaped Conference Table
FUR-BO-3642,Furniture,Bookcases,"Bush Library with Doors, Traditional"
TEC-MA-3700,Technology,Machines,Canon PC170 Desktop Personal Copier
TEC-PH-3802,Technology,Phones,"Cisco Signal Booster, VoIP"
TEC-AC-5226,Technology,Accessories,"Memorex Router, USB"
FUR-BO-4861,Furniture,Bookcases,"Ikea Library with Doors, Mobile"
TEC-CO-6009,Technology,Copiers,"Sharp Wireless Fax, Color"
FUR-TA-4712,Furniture,Tables,"Hon Wood Table, Rectangular"
FUR-TA-3760,Furniture,Tables,"Chromcraft Computer Table, Fully Assembled"
FUR-BO-5788,Furniture,Bookcases,"Safco Library with Doors, Traditional"
TEC-CO-5997,Technology,Copiers,"Sharp Fax Machine, Color"
TEC-MA-6138,Technology,Machines,"StarTech Card Printer, White"
FUR-BO-3904,Furniture,Bookcases,"Dania Library with Doors, Traditional"
FUR-TA-5057,Furniture,Tables,"Lesro Conference Table, Adjustable Height"
OFF-AP-3576,Office Supplies,Appliances,"Breville Refrigerator, Silver"
TEC-PH-5813,Technology,Phones,"Samsung Audio Dock, Full Size"
TEC-PH-5625,Technology,Phones,Polycom VoiceStation 500 ConferenceÂ phone
OFF-ST-6033,Office Supplies,Storage,"Smead File Cart, Single Width"
TEC-AC-4186,Technology,Accessories,"Enermax Router, Erganomic"
OFF-ST-4281,Office Supplies,Storage,Fellowes Recycled Storage Drawers
TEC-AC-6076,Technology,Accessories,Sony Micro Vault Click 16 GB USB 2.0 Flash Drive
OFF-AP-3865,Office Supplies,Appliances,"Cuisinart Microwave, Red"
OFF-AR-6111,Office Supplies,Art,"Stanley Highlighters, Easy-Erase"
FUR-CH-5775,Furniture,Chairs,"SAFCO Executive Leather Armchair, Red"
TEC-CO-3707,Technology,Copiers,"Canon Wireless Fax, Color"
OFF-ST-4457,Office Supplies,Storage,"Gould Plastics 9-Pocket Panel Bin, 18-3/8w x 5-1/4d x 20-1/2h, Black"
TEC-AC-4936,Technology,Accessories,Kensington K72356US Mouse-in-a-Box USB Desktop Mouse
TEC-MA-5014,Technology,Machines,"Konica Printer, Durable"
TEC-PH-5336,Technology,Phones,"Nokia Audio Dock, Full Size"
OFF-AP-4958,Office Supplies,Appliances,"KitchenAid Microwave, Silver"
OFF-AP-3570,Office Supplies,Appliances,"Breville Microwave, Black"
FUR-FU-6235,Furniture,Furnishings,Tenex Chairmats For Use with Hard Floors
FUR-TA-5062,Furniture,Tables,"Lesro Round Table, Adjustable Height"
OFF-ST-3360,Office Supplies,Storage,"Belkin 19"" Center-Weighted Shelf, Gray"
TEC-MA-6148,Technology,Machines,"StarTech Printer, Red"
TEC-CO-3686,Technology,Copiers,"Canon Fax Machine, Color"
FUR-CH-4545,Furniture,Chairs,"Harbour Creations Rocking Chair, Black"
TEC-CO-4765,Technology,Copiers,"HP Copy Machine, Color"
OFF-AP-4731,Office Supplies,Appliances,"Hoover Microwave, Red"
FUR-TA-5071,Furniture,Tables,"Lesro Wood Table, Adjustable Height"
FUR-BO-5778,Furniture,Bookcases,"Safco Floating Shelf Set, Mobile"
OFF-BI-5614,Office Supplies,Binders,Plastic Binding Combs
FUR-TA-4646,Furniture,Tables,"Hon Conference Table, Fully Assembled"
FUR-BO-5940,Furniture,Bookcases,"Sauder 3-Shelf Cabinet, Metal"
TEC-AC-5896,Technology,Accessories,"SanDisk Router, Programmable"
OFF-AR-5912,Office Supplies,Art,"Sanford Highlighters, Fluorescent"
TEC-MA-6142,Technology,Machines,"StarTech Inkjet, Wireless"
FUR-BO-3889,Furniture,Bookcases,"Dania Classic Bookcase, Metal"
OFF-AR-5156,Office Supplies,Art,Lumber Crayons
FUR-TA-4647,Furniture,Tables,"Hon Conference Table, Rectangular"
OFF-BI-4346,Office Supplies,Binders,GBC Imprintable Covers
FUR-BO-4851,Furniture,Bookcases,"Ikea Classic Bookcase, Traditional"
FUR-BO-5949,Furniture,Bookcases,"Sauder Classic Bookcase, Mobile"
OFF-LA-3206,Office Supplies,Labels,Avery 487
TEC-CO-4576,Technology,Copiers,"Hewlett Fax Machine, Digital"
TEC-MA-5548,Technology,Machines,"Panasonic Inkjet, White"
FUR-TA-4841,Furniture,Tables,"Iceberg OfficeWorks 42"" Round Tables"
OFF-PA-6497,Office Supplies,Paper,Xerox 1942
FUR-BO-4860,Furniture,Bookcases,"Ikea Library with Doors, Metal"
OFF-AP-3868,Office Supplies,Appliances,"Cuisinart Refrigerator, Black"
FUR-CH-5428,Furniture,Chairs,Office Star - Ergonomically Designed Knee Chair
TEC-CO-3681,Technology,Copiers,"Canon Copy Machine, Laser"
OFF-PA-6441,Office Supplies,Paper,Xerox 1891
OFF-PA-6361,Office Supplies,Paper,"White Dual Perf Computer Printout Paper, 2700 Sheets, 1 Part, Heavyweight, 20 lbs., 14 7/8 x 11"
TEC-AC-5097,Technology,Accessories,Logitech Desktop MK120 Mouse and keyboard Combo
FUR-BO-5972,Furniture,Bookcases,"Sauder Stackable Bookrack, Pine"
OFF-AP-4498,Office Supplies,Appliances,"Hamilton Beach Microwave, Red"
FUR-BO-3887,Furniture,Bookcases,"Dania 3-Shelf Cabinet, Pine"
FUR-TA-4713,Furniture,Tables,"Hon Wood Table, with Bottom Storage"
FUR-BO-3892,Furniture,Bookcases,"Dania Classic Bookcase, Traditional"
OFF-BI-4358,Office Supplies,Binders,GBC Prestige Therm-A-Bind Covers
OFF-BI-6345,Office Supplies,Binders,Vinyl Sectional Post Binders
FUR-BO-5942,Furniture,Bookcases,"Sauder 3-Shelf Cabinet, Pine"
FUR-TA-3759,Furniture,Tables,"Chromcraft Computer Table, Adjustable Height"
TEC-CO-4791,Technology,Copiers,"HP Wireless Fax, High-Speed"
OFF-ST-6248,Office Supplies,Storage,"Tenex File Cart, Single Width"
OFF-AP-4500,Office Supplies,Appliances,"Hamilton Beach Microwave, White"
TEC-MA-5016,Technology,Machines,"Konica Printer, White"
TEC-AC-5135,Technology,Accessories,"Logitech Router, Erganomic"
OFF-AR-5289,Office Supplies,Art,Newell 312
TEC-CO-4767,Technology,Copiers,"HP Copy Machine, Laser"
TEC-PH-3786,Technology,Phones,"Cisco Audio Dock, VoIP"
TEC-PH-5163,Technology,Phones,Macally Suction Cup Mount
FUR-TA-3761,Furniture,Tables,"Chromcraft Computer Table, Rectangular"
TEC-AC-6078,Technology,Accessories,Sony Micro Vault Click 8 GB USB 2.0 Flash Drive
OFF-LA-3327,Office Supplies,Labels,Avery White Multi-Purpose Labels
OFF-BI-6393,Office Supplies,Binders,Wilson Jones Four-Pocket Poly Binders
TEC-PH-3787,Technology,Phones,"Cisco Audio Dock, with Caller ID"
FUR-TA-5055,Furniture,Tables,"Lesro Computer Table, Fully Assembled"
TEC-PH-5359,Technology,Phones,"Nokia Speaker Phone, VoIP"
OFF-PA-3507,Office Supplies,Paper,"Black Print Carbonless 8 1/2"" x 8 1/4"" Rapid Memo Book"
TEC-AC-5894,Technology,Accessories,"SanDisk Router, Bluetooth"
TEC-AC-4945,Technology,Accessories,Kingston Digital DataTraveler 16GB USB 2.0
OFF-AP-4744,Office Supplies,Appliances,"Hoover Stove, Silver"
TEC-PH-5248,Technology,Phones,"Motorola Audio Dock, VoIP"
TEC-PH-3800,Technology,Phones,"Cisco Signal Booster, Cordless"
TEC-MA-6149,Technology,Machines,"StarTech Printer, White"
OFF-SU-3001,Office Supplies,Supplies,"Acme Trimmer, Easy Grip"
OFF-AR-5331,Office Supplies,Art,Newell 350
TEC-MA-5546,Technology,Machines,"Panasonic Inkjet, Durable"
OFF-BI-3307,Office Supplies,Binders,Avery Printable Repositionable Plastic Tabs
OFF-ST-5695,Office Supplies,Storage,"Rogers Folders, Industrial"
TEC-CO-4574,Technology,Copiers,"Hewlett Fax and Copier, Laser"
OFF-PA-6448,Office Supplies,Paper,Xerox 1898
FUR-FU-4070,Furniture,Furnishings,"Eldon Image Series Desk Accessories, Burgundy"
TEC-PH-5836,Technology,Phones,"Samsung Signal Booster, Full Size"
OFF-ST-4267,Office Supplies,Storage,"Fellowes Lockers, Industrial"
FUR-BO-5953,Furniture,Bookcases,"Sauder Corner Shelving, Mobile"
FUR-BO-3901,Furniture,Bookcases,"Dania Library with Doors, Metal"
TEC-AC-5140,Technology,Accessories,Logitech Wireless Gaming Headset G930
OFF-AR-5325,Office Supplies,Art,Newell 345
FUR-TA-3342,Furniture,Tables,"Barricks Computer Table, with Bottom Storage"
OFF-BI-4378,Office Supplies,Binders,GBC Wire Binding Combs
FUR-TA-3413,Furniture,Tables,"Bevis Coffee Table, Adjustable Height"
TEC-MA-5547,Technology,Machines,"Panasonic Inkjet, Red"
TEC-MA-5020,Technology,Machines,"Konica Receipt Printer, White"
TEC-AC-6341,Technology,Accessories,"Verbatim 25 GB 6x Blu-ray Single Layer Recordable Disc, 25/Pack"
OFF-AP-4490,Office Supplies,Appliances,"Hamilton Beach Blender, Black"
OFF-AR-3551,Office Supplies,Art,"Boston School Pro Electric Pencil Sharpener, 1670"
OFF-PA-6553,Office Supplies,Paper,Xerox 1994
FUR-TA-3348,Furniture,Tables,"Barricks Round Table, Adjustable Height"
FUR-BO-3625,Furniture,Bookcases,"Bush Classic Bookcase, Mobile"
FUR-TA-3765,Furniture,Tables,"Chromcraft Conference Table, Rectangular"
FUR-CH-4558,Furniture,Chairs,"Harbour Creations Steel Folding Chair, Black"
OFF-PA-6453,Office Supplies,Paper,Xerox 1901
FUR-TA-3777,Furniture,Tables,"Chromcraft Wood Table, Adjustable Height"
OFF-SU-2971,Office Supplies,Supplies,Acme Elite Stainless Steel Scissors
FUR-FU-6223,Furniture,Furnishings,Telescoping Adjustable Floor Lamp
TEC-MA-6140,Technology,Machines,"StarTech Inkjet, Durable"
OFF-PA-6508,Office Supplies,Paper,Xerox 1952
OFF-AR-3475,Office Supplies,Art,"Binney & Smith Canvas, Blue"
TEC-PH-3785,Technology,Phones,"Cisco Audio Dock, Full Size"
TEC-MA-4197,Technology,Machines,"Epson Inkjet, Durable"
TEC-AC-4870,Technology,Accessories,Imation Bio 8GB USBÂ Flash Drive ImationÂ Corp
OFF-ST-6293,Office Supplies,Storage,Tennsco Regal Shelving Units
OFF-PA-6443,Office Supplies,Paper,Xerox 1893
TEC-PH-5264,Technology,Phones,"Motorola Signal Booster, Full Size"
TEC-PH-3152,Technology,Phones,"Apple Speaker Phone, VoIP"
OFF-AP-3875,Office Supplies,Appliances,"Cuisinart Stove, White"
TEC-CO-6000,Technology,Copiers,"Sharp Fax Machine, Laser"
OFF-AR-5929,Office Supplies,Art,"Sanford Prismacolor Professional Thick Lead Art Pencils, 36-Color Set"
TEC-CO-5994,Technology,Copiers,"Sharp Fax and Copier, Digital"
OFF-BI-4373,Office Supplies,Binders,"GBC Velobind Prepunched Cover Sets, Regency Series"
FUR-FU-4329,Furniture,Furnishings,Flat Face Poster Frame
TEC-CO-3685,Technology,Copiers,"Canon Fax and Copier, Laser"
OFF-AP-3871,Office Supplies,Appliances,"Cuisinart Refrigerator, White"
FUR-CH-5790,Furniture,Chairs,SAFCO Optional Arm Kit for Workspace Cribbage Stacking Chair
TEC-PH-5844,Technology,Phones,"Samsung Speaker Phone, Full Size"
TEC-AC-3407,Technology,Accessories,Belkin Standard 104 key USB Keyboard
FUR-BO-3902,Furniture,Bookcases,"Dania Library with Doors, Mobile"
OFF-PA-6534,Office Supplies,Paper,Xerox 1977
TEC-MA-5008,Technology,Machines,"Konica Inkjet, Wireless"
FUR-TA-4692,Furniture,Tables,"Hon Round Table, with Bottom Storage"
TEC-PH-3784,Technology,Phones,"Cisco Audio Dock, Cordless"
FUR-TA-3352,Furniture,Tables,"Barricks Training Table, Adjustable Height"
OFF-AR-6632,Office Supplies,Art,Zebra Zazzle Fluorescent Highlighters
FUR-TA-3432,Furniture,Tables,"Bevis Round Table, with Bottom Storage"
OFF-PA-6516,Office Supplies,Paper,Xerox 196
TEC-PH-5837,Technology,Phones,"Samsung Signal Booster, VoIP"
OFF-BI-6634,Office Supplies,Binders,Zipper Ring Binder Pockets
FUR-BO-5960,Furniture,Bookcases,"Sauder Floating Shelf Set, Mobile"
TEC-MA-4195,Technology,Machines,"Epson Card Printer, White"
TEC-CO-3690,Technology,Copiers,Canon Image Class D660 Copier
FUR-TA-3431,Furniture,Tables,"Bevis Round Table, Rectangular"
TEC-CO-3602,Technology,Copiers,"Brother Ink, Laser"
OFF-ST-6294,Office Supplies,Storage,Tennsco Single-Tier Lockers
TEC-MA-5512,Technology,Machines,"Okidata Printer, White"
FUR-CH-4400,Furniture,Chairs,Global Deluxe High-Back Manager's Chair
OFF-AP-4506,Office Supplies,Appliances,"Hamilton Beach Stove, Red"
FUR-CH-5457,Furniture,Chairs,"Office Star Swivel Stool, Set of Two"
FUR-CH-4397,Furniture,Chairs,Global Comet Stacking Armless Chair
OFF-PA-6471,Office Supplies,Paper,Xerox 1919
FUR-TA-3341,Furniture,Tables,"Barricks Computer Table, Fully Assembled"
TEC-MA-4199,Technology,Machines,"Epson Inkjet, Wireless"
FUR-TA-3349,Furniture,Tables,"Barricks Round Table, Fully Assembled"
TEC-CO-3588,Technology,Copiers,"Brother Copy Machine, High-Speed"
TEC-AC-4939,Technology,Accessories,KeyTronicÂ 6101 Series -Â KeyboardÂ - Black
FUR-FU-4051,Furniture,Furnishings,"Eldon Expressions Punched Metal & Wood Desk Accessories, Pewter & Cherry"
OFF-ST-3059,Office Supplies,Storage,Advantus Rolling Storage Box
OFF-AP-3572,Office Supplies,Appliances,"Breville Microwave, Silver"
FUR-BO-4845,Furniture,Bookcases,"Ikea 3-Shelf Cabinet, Mobile"
TEC-PH-5270,Technology,Phones,"Motorola Speaker Phone, Cordless"
TEC-MA-5571,Technology,Machines,"Panasonic Printer, Durable"
OFF-PA-2856,Office Supplies,Paper,"1/4 Fold Party Design Invitations & White Envelopes, 24 8-1/2"" X 11"" Cards, 25 Env./Pack"
OFF-ST-4078,Office Supplies,Storage,"Eldon Lockers, Blue"
TEC-AC-4187,Technology,Accessories,"Enermax Router, Programmable"
OFF-AR-3837,Office Supplies,Art,Colorific Watercolor Pencils
TEC-CO-3610,Technology,Copiers,"Brother Wireless Fax, High-Speed"
OFF-PA-4460,Office Supplies,Paper,Great White Multi-Use Recycled Paper (20Lb. and 84 Bright)
OFF-SU-5634,Office Supplies,Supplies,Premier Automatic Letter Opener
OFF-BI-4374,Office Supplies,Binders,GBC VeloBinder Electric Binding Machine
TEC-MA-5513,Technology,Machines,"Okidata Printer, Wireless"
FUR-CH-6016,Furniture,Chairs,"Situations Contoured Folding Chairs, 4/Set"
OFF-AP-2889,Office Supplies,Appliances,"Acco 7-Outlet Masterpiece Power Center, Wihtout Fax/Phone Line Protection"
TEC-PH-3803,Technology,Phones,"Cisco Signal Booster, with Caller ID"
OFF-EN-3089,Office Supplies,Envelopes,"Ames Business Envelopes, Security-Tint"
FUR-FU-2864,Furniture,Furnishings,36X48 HARDFLOOR CHAIRMAT
TEC-CO-4785,Technology,Copiers,"HP Personal Copier, Digital"
OFF-BI-3983,Office Supplies,Binders,DXL Angle-View Binders with Locking Rings by Samsill
OFF-BI-2936,Office Supplies,Binders,Acco Translucent Poly Ring Binders
FUR-TA-3762,Furniture,Tables,"Chromcraft Computer Table, with Bottom Storage"
TEC-PH-5351,Technology,Phones,"Nokia Signal Booster, Full Size"
TEC-PH-3966,Technology,Phones,Digium D40 VoIP phone
OFF-ST-5422,Office Supplies,Storage,Office Impressions Heavy Duty Welded Shelving & Multimedia Storage Drawers
OFF-ST-6315,Office Supplies,Storage,"Trav-L-File Heavy-Duty Shuttle II, Black"
TEC-CO-3708,Technology,Copiers,"Canon Wireless Fax, Digital"
TEC-CO-4776,Technology,Copiers,"HP Fax Machine, Laser"
TEC-MA-5499,Technology,Machines,"Okidata Card Printer, White"
TEC-CO-3689,Technology,Copiers,"Canon Fax Machine, Laser"
TEC-PH-5560,Technology,Phones,Panasonic KX TS208W Corded phone
FUR-BO-4863,Furniture,Bookcases,"Ikea Library with Doors, Traditional"
TEC-MA-4193,Technology,Machines,"Epson Card Printer, Durable"
TEC-CO-4575,Technology,Copiers,"Hewlett Fax Machine, Color"
TEC-PH-6413,Technology,Phones,Wilson SignalBoost 841262 DB PRO Amplifier Kit
OFF-BI-4485,Office Supplies,Binders,"Green Canvas Binder for 8-1/2"" x 14"" Sheets"
TEC-AC-5237,Technology,Accessories,Microsoft Sculpt Comfort Mouse
OFF-AP-4965,Office Supplies,Appliances,"KitchenAid Stove, Red"
FUR-TA-3350,Furniture,Tables,"Barricks Round Table, Rectangular"
OFF-BI-5642,Office Supplies,Binders,Pressboard Data Binders by Wilson Jones
OFF-AP-4735,Office Supplies,Appliances,"Hoover Refrigerator, Black"
TEC-MA-4207,Technology,Machines,"Epson Printer, White"
FUR-BO-3897,Furniture,Bookcases,"Dania Floating Shelf Set, Metal"
OFF-ST-5701,Office Supplies,Storage,"Rogers Lockers, Industrial"
OFF-AP-3864,Office Supplies,Appliances,"Cuisinart Microwave, Black"
TEC-MA-5573,Technology,Machines,"Panasonic Printer, White"
FUR-BO-5966,Furniture,Bookcases,"Sauder Library with Doors, Metal"
TEC-PH-5246,Technology,Phones,"Motorola Audio Dock, Cordless"
TEC-PH-3129,Technology,Phones,"Apple Audio Dock, VoIP"
OFF-PA-6092,Office Supplies,Paper,"Speediset Carbonless Redi-Letter 7"" x 8 1/2"""
OFF-AP-4730,Office Supplies,Appliances,"Hoover Microwave, Black"
TEC-PH-3801,Technology,Phones,"Cisco Signal Booster, Full Size"
OFF-BI-3268,Office Supplies,Binders,Avery Durable Slant Ring Binders With Label Holder
FUR-TA-3770,Furniture,Tables,"Chromcraft Round Table, Fully Assembled"
OFF-AR-5301,Office Supplies,Art,Newell 323
FUR-TA-3780,Furniture,Tables,"Chromcraft Wood Table, with Bottom Storage"
TEC-PH-3183,Technology,Phones,Avaya IP Phone 1140E VoIP phone
TEC-PH-3818,Technology,Phones,"Cisco Speaker Phone, with Caller ID"
FUR-BO-3629,Furniture,Bookcases,"Bush Corner Shelving, Mobile"
OFF-AP-4737,Office Supplies,Appliances,"Hoover Refrigerator, Silver"
TEC-CO-4570,Technology,Copiers,"Hewlett Copy Machine, Laser"
FUR-BO-4391,Furniture,Bookcases,"Global Adaptabilites Bookcase, Cherry/Storm Gray Finish"
FUR-CH-5394,Furniture,Chairs,"Novimex Rocking Chair, Adjustable"
OFF-ST-4456,Office Supplies,Storage,"Gould Plastics 18-Pocket Panel Bin, 34w x 5-1/4d x 20-1/2h"
FUR-TA-5067,Furniture,Tables,"Lesro Training Table, Adjustable Height"
FUR-TA-3357,Furniture,Tables,"Barricks Wood Table, Fully Assembled"
OFF-ST-6282,Office Supplies,Storage,"Tenex Trays, Industrial"
FUR-CH-4429,Furniture,Chairs,"Global Wood Trimmed Manager's Task Chair, Khaki"
FUR-CH-5454,Furniture,Chairs,"Office Star Swivel Stool, Adjustable"
OFF-PA-4465,Office Supplies,Paper,Green Bar Computer Printout Paper
OFF-AP-3371,Office Supplies,Appliances,Belkin 8-Outlet Premiere SurgeMaster II Surge Protectors