Date,Location,Gross Sales,Payment Net Sales,Discounts,Gross Profit,Transactions,Units,Refund Net Sales,Refund Transactions,Net Sales After Refunds,Discount Rate,Average Payment Net Basket,Period
2024-01-02,Store 01 - Austin,238.0,232.1,-5.9,130.46,4,6,0.0,0.0,232.1,0.024789915966386557,58.025,diagnostic
2024-01-02,Store 02 - Dallas,1149.5,1089.15,-60.35,643.55,14,31,0.0,0.0,1089.15,0.0525010874293171,77.79642857142858,diagnostic
2024-01-02,Store 03 - Houston,942.0,864.0,-78.0,432.57,7,16,0.0,0.0,864.0,0.08280254777070063,123.42857142857143,diagnostic
2024-01-02,Store 04 - San Antonio,1273.0,1225.45,-47.55,650.34,12,29,0.0,0.0,1225.45,0.03735271013354281,102.12083333333334,diagnostic
2024-01-02,Store 05 - Phoenix,1929.0,1888.3,-40.7,1127.57,23,51,0.0,0.0,1888.3,0.021099015033696218,82.1,diagnostic
2024-01-02,Store 06 - Denver,723.5,690.75,-32.75,362.87,5,13,0.0,0.0,690.75,0.045266067726330336,138.15,diagnostic
2024-01-02,Store 07 - Seattle,430.5,389.9,-40.6,219.2,7,11,0.0,0.0,389.9,0.0943089430894309,55.699999999999996,diagnostic
2024-01-02,Store 08 - Portland,395.0,375.0,-20.0,204.85999999999999,4,10,0.0,0.0,375.0,0.05063291139240506,93.75,diagnostic
2024-01-02,Store 09 - Chicago,2754.5,2657.7,-96.8,1499.33,35,65,-79.0,1.0,2578.7,0.035142494100562714,75.9342857142857,diagnostic
2024-01-02,Store 10 - Detroit,1071.0,1024.15,-46.85,570.35,14,27,0.0,0.0,1024.15,0.04374416433239963,73.15357142857144,diagnostic
2024-01-02,Store 11 - Columbus,1860.0,1773.88,-86.12,955.07,18,39,-24.0,1.0,1749.88,0.04630107526881721,98.5488888888889,diagnostic
2024-01-02,Store 12 - Atlanta,613.5,594.5,-19.0,327.43,7,15,0.0,0.0,594.5,0.030969845150774247,84.92857142857143,diagnostic
2024-01-02,Store 13 - Miami,1431.0,1379.95,-51.05,760.38,16,30,-129.0,1.0,1250.95,0.0356743535988819,86.246875,diagnostic
2024-01-02,Store 14 - Orlando,682.0,651.3,-30.700000000000003,344.59,7,12,0.0,0.0,651.3,0.045014662756598246,93.04285714285713,diagnostic
2024-01-02,Store 15 - Tampa,1368.0,1260.83,-107.17,682.62,15,27,0.0,0.0,1260.83,0.07834064327485381,84.05533333333332,diagnostic
2024-01-02,Store 16 - Charlotte,883.0,814.75,-68.25,456.1,11,23,0.0,0.0,814.75,0.07729331823329558,74.06818181818181,diagnostic
2024-01-02,Store 17 - Nashville,978.0,915.9300000000001,-62.07,534.15,20,29,-57.0,2.0,858.9300000000001,0.06346625766871165,45.7965,diagnostic
2024-01-02,Store 18 - Memphis,2302.0,2177.5,-124.5,1185.32,25,45,-32.0,1.0,2145.5,0.054083405734144226,87.1,diagnostic
2024-01-02,Store 19 - Boston,383.0,360.9,-22.1,228.53,6,13,-24.0,1.0,336.9,0.0577023498694517,60.15,diagnostic
2024-01-02,Store 20 - New York,574.5,554.35,-20.15,326.47,6,15,0.0,0.0,554.35,0.0350739773716275,92.39166666666667,diagnostic
2024-01-02,Store 21 - Brooklyn,379.0,355.61,-23.39,224.03,10,14,0.0,0.0,355.61,0.06171503957783641,35.561,diagnostic
2024-01-02,Store 22 - Philadelphia,1372.0,1338.1,-33.9,764.55,17,32,0.0,0.0,1338.1,0.024708454810495627,78.71176470588235,diagnostic
2024-01-02,Store 23 - Baltimore,583.0,546.25,-36.75,287.5,8,12,-16.0,1.0,530.25,0.0630360205831904,68.28125,diagnostic
2024-01-02,Store 24 - Las Vegas,415.5,376.65,-38.85,197.31,5,8,0.0,0.0,376.65,0.09350180505415163,75.33,diagnostic
2024-01-02,Store 25 - San Diego,214.0,193.8,-20.2,118.88,3,8,0.0,0.0,193.8,0.09439252336448598,64.60000000000001,diagnostic
2024-01-02,Store 26 - Los Angeles,2380.5,2294.1,-86.4,1274.92,21,57,0.0,0.0,2294.1,0.03629489603024575,109.24285714285713,diagnostic
2024-01-02,Store 27 - San Jose,1074.0,1028.9,-45.1,567.24,12,25,0.0,0.0,1028.9,0.04199255121042831,85.74166666666667,diagnostic
2024-01-02,Store 28 - Sacramento,2727.5,2661.2,-66.3,1493.91,28,57,-22.0,1.0,2639.2,0.024307974335472042,95.04285714285713,diagnostic
2024-01-02,Store 29 - Minneapolis,1340.0,1283.95,-56.050000000000004,780.09,21,43,-68.0,1.0,1215.95,0.041828358208955224,61.14047619047619,diagnostic
2024-01-02,Store 30 - Kansas City,1094.0,1050.73,-43.269999999999996,561.97,13,23,0.0,0.0,1050.73,0.03955210237659963,80.82538461538462,diagnostic
2024-01-03,Store 01 - Austin,296.0,255.28,-40.72,136.06,2,8,0.0,0.0,255.28,0.13756756756756755,127.64,diagnostic
2024-01-03,Store 02 - Dallas,1357.5,1297.48,-60.02,742.79,12,35,0.0,0.0,1297.48,0.04421362799263352,108.12333333333333,diagnostic
2024-01-03,Store 03 - Houston,587.5,559.4,-28.1,279.33,6,10,0.0,0.0,559.4,0.047829787234042555,93.23333333333333,diagnostic
2024-01-03,Store 04 - San Antonio,797.0,751.1800000000001,-45.82,431.47,14,22,0.0,0.0,751.1800000000001,0.057490589711417815,53.65571428571429,diagnostic
2024-01-03,Store 05 - Phoenix,1326.5,1280.25,-46.25,743.4,20,36,0.0,0.0,1280.25,0.03486618921975122,64.0125,diagnostic
2024-01-03,Store 06 - Denver,547.5,507.48,-40.019999999999996,293.02,7,16,-48.0,1.0,459.48,0.0730958904109589,72.49714285714286,diagnostic
2024-01-03,Store 07 - Seattle,1062.5,1043.9,-18.6,598.56,10,25,0.0,0.0,1043.9,0.017505882352941177,104.39000000000001,diagnostic
2024-01-03,Store 08 - Portland,804.5,743.3000000000001,-61.2,404.85,9,19,0.0,0.0,743.3000000000001,0.07607209446861404,82.5888888888889,diagnostic
2024-01-03,Store 09 - Chicago,2673.0,2528.53,-144.47,1381.91,30,63,0.0,0.0,2528.53,0.054047886270108494,84.28433333333334,diagnostic
2024-01-03,Store 10 - Detroit,1297.5,1182.3,-115.2,650.17,15,34,0.0,0.0,1182.3,0.08878612716763006,78.82,diagnostic
2024-01-03,Store 11 - Columbus,1423.0,1363.43,-59.57,787.8399999999999,18,36,-96.0,2.0,1267.43,0.041862262825017565,75.74611111111112,diagnostic
2024-01-03,Store 12 - Atlanta,694.0,689.8,-4.2,374.04,7,15,0.0,0.0,689.8,0.006051873198847263,98.54285714285713,diagnostic
2024-01-03,Store 13 - Miami,662.5,654.9,-7.6,394.14,9,18,0.0,0.0,654.9,0.011471698113207546,72.76666666666667,diagnostic
2024-01-03,Store 14 - Orlando,568.5,539.6,-28.9,310.13,10,15,-19.5,1.0,520.1,0.050835532102022865,53.96,diagnostic
2024-01-03,Store 15 - Tampa,912.0,870.9,-41.1,475.84,16,27,0.0,0.0,870.9,0.04506578947368421,54.43125,diagnostic
2024-01-03,Store 16 - Charlotte,779.5,725.3,-54.2,426.58,12,24,0.0,0.0,725.3,0.06953175112251443,60.44166666666666,diagnostic
2024-01-03,Store 17 - Nashville,1188.5,1140.9,-47.6,626.53,12,27,0.0,0.0,1140.9,0.04005048380311317,95.075,diagnostic
2024-01-03,Store 18 - Memphis,1937.0,1826.85,-110.15,1037.53,18,49,0.0,0.0,1826.85,0.05686628807434177,101.49166666666666,diagnostic
2024-01-03,Store 19 - Boston,217.0,193.2,-23.8,95.7,3,5,0.0,0.0,193.2,0.10967741935483871,64.39999999999999,diagnostic
2024-01-03,Store 20 - New York,1227.0,1155.2,-71.8,666.6899999999999,16,35,-21.0,1.0,1134.2,0.058516707416462914,72.2,diagnostic
2024-01-03,Store 21 - Brooklyn,634.5,609.3,-25.2,356.01,7,15,0.0,0.0,609.3,0.03971631205673759,87.04285714285713,diagnostic
2024-01-03,Store 22 - Philadelphia,1037.0,1011.6800000000001,-25.32,600.38,14,30,-25.0,1.0,986.6800000000001,0.02441658630665381,72.26285714285714,diagnostic
2024-01-03,Store 23 - Baltimore,937.5,913.15,-24.35,511.04,12,20,0.0,0.0,913.15,0.025973333333333334,76.09583333333333,diagnostic
2024-01-03,Store 24 - Las Vegas,158.5,144.7,-13.8,90.17999999999999,6,6,0.0,0.0,144.7,0.08706624605678234,24.116666666666664,diagnostic
2024-01-03,Store 25 - San Diego,811.5,804.6,-6.9,476.19,10,24,-19.5,1.0,785.1,0.008502772643253236,80.46000000000001,diagnostic
2024-01-03,Store 26 - Los Angeles,1910.5,1785.61,-124.89,952.86,22,43,0.0,0.0,1785.61,0.0653703219052604,81.1640909090909,diagnostic
2024-01-03,Store 27 - San Jose,1040.0,1018.1,-21.9,557.74,9,19,0.0,0.0,1018.1,0.021057692307692305,113.12222222222222,diagnostic
2024-01-03,Store 28 - Sacramento,1839.5,1739.85,-99.65,961.46,21,42,-14.0,1.0,1725.85,0.05417232943734711,82.85,diagnostic
2024-01-03,Store 29 - Minneapolis,1877.5,1819.25,-58.25,976.08,21,35,-87.0,2.0,1732.25,0.031025299600532623,86.63095238095238,diagnostic
2024-01-03,Store 30 - Kansas City,1566.0,1507.25,-58.75,847.11,15,38,0.0,0.0,1507.25,0.03751596424010217,100.48333333333333,diagnostic
2024-01-04,Store 01 - Austin,607.0,594.46,-12.54,343.12,8,18,-129.0,1.0,465.46000000000004,0.020658978583196045,74.3075,diagnostic
2024-01-04,Store 02 - Dallas,1594.0,1512.5,-81.5,857.84,18,40,-68.0,1.0,1444.5,0.051129234629861985,84.02777777777777,diagnostic
2024-01-04,Store 03 - Houston,434.5,419.5,-15.0,233.39999999999998,5,9,0.0,0.0,419.5,0.03452243958573072,83.9,diagnostic
2024-01-04,Store 04 - San Antonio,1112.5,1072.5,-40.0,618.82,12,25,0.0,0.0,1072.5,0.035955056179775284,89.375,diagnostic
2024-01-04,Store 05 - Phoenix,1542.0,1464.45,-77.55,845.37,24,41,-89.0,1.0,1375.45,0.050291828793774314,61.018750000000004,diagnostic
2024-01-04,Store 06 - Denver,593.5,540.2,-53.3,297.35,7,16,0.0,0.0,540.2,0.0898062342038753,77.17142857142858,diagnostic
2024-01-04,Store 07 - Seattle,624.5,582.08,-42.42,308.92,8,13,0.0,0.0,582.08,0.06792634107285829,72.76,diagnostic
2024-01-04,Store 08 - Portland,532.5,493.25,-39.25,275.9,8,14,0.0,0.0,493.25,0.07370892018779343,61.65625,diagnostic
2024-01-04,Store 09 - Chicago,3020.0,2880.4,-139.6,1574.9,33,66,-79.0,1.0,2801.4,0.04622516556291391,87.28484848484848,diagnostic
2024-01-04,Store 10 - Detroit,1766.5,1694.35,-72.15,933.12,21,41,0.0,0.0,1694.35,0.04084347579960374,80.68333333333332,diagnostic
2024-01-04,Store 11 - Columbus,1559.5,1471.8,-87.7,785.6,20,30,0.0,0.0,1471.8,0.05623597306829112,73.59,diagnostic
2024-01-04,Store 12 - Atlanta,195.0,195.0,0.0,105.48,2,4,0.0,0.0,195.0,-0.0,97.5,diagnostic
2024-01-04,Store 13 - Miami,1686.5,1669.4,-17.1,957.3199999999999,21,40,0.0,0.0,1669.4,0.010139341832196858,79.4952380952381,diagnostic
2024-01-04,Store 14 - Orlando,387.0,378.1,-8.9,199.57999999999998,7,10,0.0,0.0,378.1,0.022997416020671835,54.01428571428572,diagnostic
2024-01-04,Store 15 - Tampa,1127.0,1079.95,-47.05,594.33,13,27,-21.0,1.0,1058.95,0.04174800354924578,83.07307692307693,diagnostic
2024-01-04,Store 16 - Charlotte,1496.0,1451.23,-44.769999999999996,861.47,20,44,0.0,0.0,1451.23,0.02992647058823529,72.5615,diagnostic
2024-01-04,Store 17 - Nashville,826.5,807.4,-19.1,456.15,12,19,0.0,0.0,807.4,0.02310949788263763,67.28333333333333,diagnostic
2024-01-04,Store 18 - Memphis,3274.5,3142.85,-131.65,1814.57,30,76,-172.0,4.0,2970.85,0.040204611391052074,104.76166666666667,diagnostic
2024-01-04,Store 19 - Boston,609.0,577.48,-31.520000000000003,338.34,9,18,0.0,0.0,577.48,0.051756978653530385,64.16444444444444,diagnostic
2024-01-04,Store 20 - New York,1070.5,994.8,-75.7,557.92,14,27,-42.0,1.0,952.8,0.07071461933675853,71.05714285714285,diagnostic
2024-01-04,Store 21 - Brooklyn,493.0,467.78,-25.22,265.9,8,13,-114.0,2.0,353.78,0.051156186612576066,58.4725,diagnostic
2024-01-04,Store 22 - Philadelphia,1315.5,1234.43,-81.07000000000001,655.83,16,34,-67.0,2.0,1167.43,0.061626757886735085,77.151875,diagnostic
2024-01-04,Store 23 - Baltimore,537.0,537.0,0.0,307.90999999999997,7,12,0.0,0.0,537.0,-0.0,76.71428571428571,diagnostic
2024-01-04,Store 24 - Las Vegas,550.0,489.17,-60.83,290.99,8,19,0.0,0.0,489.17,0.11059999999999999,61.14625,diagnostic
2024-01-04,Store 25 - San Diego,1036.5,992.4499999999999,-44.050000000000004,530.0799999999999,6,20,0.0,0.0,992.4499999999999,0.042498794018330927,165.40833333333333,diagnostic
2024-01-04,Store 26 - Los Angeles,2258.5,2146.18,-112.32000000000001,1181.6299999999999,26,56,-143.0,2.0,2003.1799999999998,0.04973212309054682,82.5453846153846,diagnostic
2024-01-04,Store 27 - San Jose,1416.5,1389.75,-26.75,777.97,15,30,0.0,0.0,1389.75,0.018884574655841865,92.65,diagnostic
2024-01-04,Store 28 - Sacramento,2750.0,2656.58,-93.42,1481.87,29,60,-59.0,1.0,2597.58,0.03397090909090909,91.60620689655173,diagnostic
2024-01-04,Store 29 - Minneapolis,1967.0,1910.0,-57.0,1120.79,22,57,-113.0,2.0,1797.0,0.028978139298423997,86.81818181818181,diagnostic
2024-01-04,Store 30 - Kansas City,1978.0,1817.9,-160.1,984.34,18,46,-26.0,1.0,1791.9,0.08094034378159758,100.99444444444445,diagnostic
2024-01-05,Store 01 - Austin,991.0,931.93,-59.07,544.26,13,24,-89.0,3.0,842.93,0.05960645812310797,71.68692307692308,diagnostic
2024-01-05,Store 02 - Dallas,1416.5,1371.5,-45.0,734.75,14,27,0.0,0.0,1371.5,0.03176844334627603,97.96428571428571,diagnostic
2024-01-05,Store 03 - Houston,748.0,717.0,-31.0,383.29,9,13,0.0,0.0,717.0,0.04144385026737968,79.66666666666667,diagnostic
2024-01-05,Store 04 - San Antonio,1281.5,1207.53,-73.97,634.91,15,31,-110.0,2.0,1097.53,0.0577214202106906,80.502,diagnostic
2024-01-05,Store 05 - Phoenix,3709.5,3580.65,-128.85,1999.16,44,91,-93.0,2.0,3487.65,0.03473513950667206,81.37840909090909,diagnostic
2024-01-05,Store 06 - Denver,823.5,721.88,-101.62,356.67,10,20,-12.0,1.0,709.88,0.12340012143290832,72.188,diagnostic
2024-01-05,Store 07 - Seattle,518.0,514.78,-3.2199999999999998,296.99,7,12,0.0,0.0,514.78,0.006216216216216216,73.53999999999999,diagnostic
2024-01-05,Store 08 - Portland,1357.5,1305.98,-51.52,681.64,15,27,-45.0,1.0,1260.98,0.037952117863720075,87.06533333333333,diagnostic
2024-01-05,Store 09 - Chicago,3116.5,3029.63,-86.87,1665.12,37,68,-103.0,2.0,2926.63,0.02787421787261351,81.8818918918919,diagnostic
2024-01-05,Store 10 - Detroit,1423.0,1371.7,-51.3,802.3,16,38,0.0,0.0,1371.7,0.036050597329585383,85.73125,diagnostic
2024-01-05,Store 11 - Columbus,1215.5,1193.15,-22.35,664.92,12,27,-89.0,1.0,1104.15,0.018387494858083095,99.42916666666667,diagnostic
2024-01-05,Store 12 - Atlanta,524.5,503.65,-20.85,264.03,7,10,0.0,0.0,503.65,0.039752144899904675,71.95,diagnostic
2024-01-05,Store 13 - Miami,1457.5,1410.98,-46.52,818.63,18,38,0.0,0.0,1410.98,0.03191766723842196,78.38777777777779,diagnostic
2024-01-05,Store 14 - Orlando,1078.0,1064.45,-13.55,578.25,11,23,-12.0,1.0,1052.45,0.012569573283859,96.76818181818182,diagnostic
2024-01-05,Store 15 - Tampa,1064.0,1023.2,-40.8,599.7,14,29,-34.0,1.0,989.2,0.038345864661654135,73.08571428571429,diagnostic
2024-01-05,Store 16 - Charlotte,1819.0,1771.88,-47.12,1022.98,19,45,0.0,0.0,1771.88,0.025904343045629465,93.25684210526316,diagnostic
2024-01-05,Store 17 - Nashville,2492.5,2469.0,-23.5,1436.22,27,61,-19.5,1.0,2449.5,0.009428284854563691,91.44444444444444,diagnostic
2024-01-05,Store 18 - Memphis,2885.0,2757.05,-127.95,1553.85,33,72,0.0,0.0,2757.05,0.044350086655112655,83.5469696969697,diagnostic
2024-01-05,Store 19 - Boston,774.5,762.58,-11.92,429.02,10,20,-18.0,1.0,744.58,0.015390574564234991,76.25800000000001,diagnostic
2024-01-05,Store 20 - New York,1598.0,1499.95,-98.05,831.04,19,40,-34.0,1.0,1465.95,0.06135794743429286,78.94473684210527,diagnostic
2024-01-05,Store 21 - Brooklyn,256.0,238.15,-17.85,136.23,5,10,0.0,0.0,238.15,0.0697265625,47.63,diagnostic
2024-01-05,Store 22 - Philadelphia,2251.5,2086.18,-165.32,1107.25,28,56,-24.0,1.0,2062.18,0.07342660448589829,74.50642857142857,diagnostic
2024-01-05,Store 23 - Baltimore,919.0,844.15,-74.85000000000001,459.99,12,22,-42.0,1.0,802.15,0.08144722524483135,70.34583333333333,diagnostic
2024-01-05,Store 24 - Las Vegas,1117.5,1105.6,-11.9,631.8199999999999,10,24,0.0,0.0,1105.6,0.010648769574944072,110.55999999999999,diagnostic
2024-01-05,Store 25 - San Diego,1104.5,986.35,-118.15,539.9,16,27,-45.0,1.0,941.35,0.1069714803078316,61.646875,diagnostic
2024-01-05,Store 26 - Los Angeles,2976.5,2847.05,-129.45,1522.8899999999999,31,64,-35.0,1.0,2812.05,0.04349067696959516,91.84032258064516,diagnostic
2024-01-05,Store 27 - San Jose,1678.5,1638.0,-40.5,878.6,23,35,0.0,0.0,1638.0,0.024128686327077747,71.21739130434783,diagnostic
2024-01-05,Store 28 - Sacramento,3294.0,3116.23,-177.77,1706.76,36,71,0.0,0.0,3116.23,0.05396782027929569,86.56194444444445,diagnostic
2024-01-05,Store 29 - Minneapolis,2198.5,2141.48,-57.019999999999996,1246.75,24,49,-121.0,2.0,2020.48,0.025935865362747328,89.22833333333334,diagnostic
2024-01-05,Store 30 - Kansas City,1146.5,1102.4,-44.1,619.59,11,26,0.0,0.0,1102.4,0.038464893153074574,100.21818181818183,diagnostic
2024-01-06,Store 01 - Austin,879.5,829.55,-49.95,475.04,10,21,-21.0,1.0,808.55,0.05679363274587834,82.955,diagnostic
2024-01-06,Store 02 - Dallas,1663.5,1617.47,-46.03,942.91,22,42,-129.0,1.0,1488.47,0.02767057409077247,73.52136363636363,diagnostic
2024-01-06,Store 03 - Houston,1206.5,1144.78,-61.72,639.4,14,32,0.0,0.0,1144.78,0.051156237049316204,81.77,diagnostic
2024-01-06,Store 04 - San Antonio,1542.5,1477.86,-64.64,864.84,20,45,0.0,0.0,1477.86,0.041905996758508916,73.893,diagnostic
2024-01-06,Store 05 - Phoenix,3511.0,3370.81,-140.19,1899.24,39,89,-121.0,4.0,3249.81,0.03992879521503845,86.43102564102564,diagnostic
2024-01-06,Store 06 - Denver,1013.0,978.4,-34.6,513.63,7,17,0.0,0.0,978.4,0.034155972359328726,139.77142857142857,diagnostic
2024-01-06,Store 07 - Seattle,832.5,783.0,-49.5,448.56,9,21,0.0,0.0,783.0,0.05945945945945946,87.0,diagnostic
2024-01-06,Store 08 - Portland,1361.0,1352.5,-8.5,787.13,14,33,0.0,0.0,1352.5,0.006245407788390889,96.60714285714286,diagnostic
2024-01-06,Store 09 - Chicago,2778.0,2630.2,-147.8,1442.4,34,66,-34.0,1.0,2596.2,0.053203743700503965,77.35882352941177,diagnostic
2024-01-06,Store 10 - Detroit,1626.5,1509.45,-117.05,848.23,20,44,0.0,0.0,1509.45,0.07196434060866892,75.4725,diagnostic
2024-01-06,Store 11 - Columbus,3033.5,2831.93,-201.57,1516.17,30,65,0.0,0.0,2831.93,0.06644799736278226,94.39766666666667,diagnostic
2024-01-06,Store 12 - Atlanta,1771.0,1737.05,-33.95,936.06,15,35,0.0,0.0,1737.05,0.0191699604743083,115.80333333333333,diagnostic
2024-01-06,Store 13 - Miami,1661.5,1627.95,-33.55,948.11,20,44,0.0,0.0,1627.95,0.020192597050857658,81.39750000000001,diagnostic
2024-01-06,Store 14 - Orlando,1241.5,1188.85,-52.65,666.49,13,30,-113.0,2.0,1075.85,0.042408376963350786,91.44999999999999,diagnostic
2024-01-06,Store 15 - Tampa,2804.5,2710.83,-93.67,1502.6599999999999,27,65,-71.5,2.0,2639.33,0.03339989302906044,100.4011111111111,diagnostic
2024-01-06,Store 16 - Charlotte,2246.0,2095.23,-150.77,1119.26,21,49,0.0,0.0,2095.23,0.06712822796081924,99.77285714285715,diagnostic
2024-01-06,Store 17 - Nashville,1890.0,1831.1,-58.9,1005.9300000000001,21,41,-42.0,1.0,1789.1,0.031164021164021165,87.1952380952381,diagnostic
2024-01-06,Store 18 - Memphis,3082.5,2982.58,-99.92,1688.02,39,76,-53.5,2.0,2929.08,0.03241524736415247,76.47641025641026,diagnostic
2024-01-06,Store 19 - Boston,971.0,926.6,-44.4,522.96,12,24,0.0,0.0,926.6,0.045726055612770336,77.21666666666667,diagnostic
2024-01-06,Store 20 - New York,2434.5,2287.03,-147.47,1184.42,24,51,-65.0,1.0,2222.03,0.06057506674881906,95.29291666666667,diagnostic
2024-01-06,Store 21 - Brooklyn,1080.0,1008.55,-71.45,552.65,14,26,-34.0,1.0,974.55,0.06615740740740741,72.03928571428571,diagnostic
2024-01-06,Store 22 - Philadelphia,1701.5,1635.65,-65.85,906.62,22,34,0.0,0.0,1635.65,0.03870114604760505,74.34772727272728,diagnostic
2024-01-06,Store 23 - Baltimore,1014.5,984.7,-29.8,573.57,13,27,-37.5,2.0,947.2,0.029374075899457862,75.74615384615385,diagnostic
2024-01-06,Store 24 - Las Vegas,1058.0,982.0,-76.0,572.12,11,29,-54.0,2.0,928.0,0.07183364839319471,89.27272727272727,diagnostic
2024-01-06,Store 25 - San Diego,1212.5,1185.95,-26.55,691.9,14,32,-73.0,2.0,1112.95,0.021896907216494847,84.71071428571429,diagnostic
2024-01-06,Store 26 - Los Angeles,5510.5,5267.5,-243.0,2881.7599999999998,48,114,-26.0,1.0,5241.5,0.04409763179384811,109.73958333333333,diagnostic
2024-01-06,Store 27 - San Jose,2710.0,2599.15,-110.85000000000001,1432.84,25,62,-12.0,1.0,2587.15,0.040904059040590406,103.96600000000001,diagnostic
2024-01-06,Store 28 - Sacramento,3201.0,3124.2799999999997,-76.72,1858.98,46,85,-101.0,2.0,3023.2799999999997,0.023967510153077163,67.9191304347826,diagnostic
2024-01-06,Store 29 - Minneapolis,3787.0,3618.7,-168.3,2032.02,48,91,-25.0,1.0,3593.7,0.04444151043041986,75.38958333333333,diagnostic
2024-01-06,Store 30 - Kansas City,1762.0,1691.55,-70.45,981.13,25,44,-33.5,2.0,1658.05,0.03998297389330307,67.66199999999999,diagnostic
2024-01-09,Store 01 - Austin,607.0,574.65,-32.35,342.17,10,20,0.0,0.0,574.65,0.05329489291598023,57.464999999999996,comparison
2024-01-09,Store 02 - Dallas,1438.0,1405.9,-32.1,796.65,16,32,0.0,0.0,1405.9,0.022322670375521558,87.86875,comparison
2024-01-09,Store 03 - Houston,770.0,742.1,-27.9,408.32,12,16,0.0,0.0,742.1,0.03623376623376623,61.84166666666667,comparison
2024-01-09,Store 04 - San Antonio,786.0,743.95,-42.05,430.13,14,23,0.0,0.0,743.95,0.053498727735368956,53.13928571428572,comparison
2024-01-09,Store 05 - Phoenix,2141.0,2058.55,-82.45,1213.32,29,61,0.0,0.0,2058.55,0.038510042036431574,70.9844827586207,comparison
2024-01-09,Store 06 - Denver,1217.0,1162.53,-54.47,639.99,14,27,0.0,0.0,1162.53,0.04475760065735415,83.03785714285713,comparison
2024-01-09,Store 07 - Seattle,860.5,860.5,0.0,473.23,9,17,0.0,0.0,860.5,-0.0,95.61111111111111,comparison
2024-01-09,Store 08 - Portland,384.5,351.0,-33.5,185.75,6,9,0.0,0.0,351.0,0.08712613784135241,58.5,comparison
2024-01-09,Store 09 - Chicago,1454.5,1400.0,-54.5,752.47,18,34,0.0,0.0,1400.0,0.03746992093502922,77.77777777777777,comparison
2024-01-09,Store 10 - Detroit,1800.0,1750.15,-49.849999999999994,973.67,22,38,0.0,0.0,1750.15,0.02769444444444444,79.55227272727274,comparison
2024-01-09,Store 11 - Columbus,738.0,682.0,-56.0,379.8,11,20,0.0,0.0,682.0,0.07588075880758807,62.0,comparison
2024-01-09,Store 12 - Atlanta,1038.5,992.65,-45.85,561.97,12,26,0.0,0.0,992.65,0.04415021665864227,82.72083333333333,comparison
2024-01-09,Store 13 - Miami,1425.0,1372.43,-52.57,735.7,14,29,-30.0,1.0,1342.43,0.03689122807017544,98.0307142857143,comparison
2024-01-09,Store 14 - Orlando,533.0,490.18,-42.82,265.48,8,14,0.0,0.0,490.18,0.0803377110694184,61.2725,comparison
2024-01-09,Store 15 - Tampa,1119.5,1072.4,-47.1,586.85,17,26,0.0,0.0,1072.4,0.04207235372934346,63.082352941176474,comparison
2024-01-09,Store 16 - Charlotte,989.0,958.83,-30.17,507.75,14,22,0.0,0.0,958.83,0.030505561172901922,68.48785714285715,comparison
2024-01-09,Store 17 - Nashville,1296.0,1229.0,-67.0,702.59,13,30,0.0,0.0,1229.0,0.05169753086419753,94.53846153846153,comparison
2024-01-09,Store 18 - Memphis,2850.0,2740.43,-109.57,1537.46,29,70,0.0,0.0,2740.43,0.03844561403508771,94.49758620689654,comparison
2024-01-09,Store 19 - Boston,647.0,628.8,-18.2,359.48,7,18,0.0,0.0,628.8,0.02812982998454405,89.82857142857142,comparison
2024-01-09,Store 20 - New York,1942.5,1829.43,-113.07,1041.21,21,44,-22.0,1.0,1807.43,0.05820849420849421,87.11571428571429,comparison
2024-01-09,Store 21 - Brooklyn,686.0,648.3,-37.7,366.32,5,18,-68.0,1.0,580.3,0.054956268221574345,129.66,comparison
2024-01-09,Store 22 - Philadelphia,1187.5,1138.05,-49.45,681.85,19,36,-157.0,3.0,981.05,0.0416421052631579,59.897368421052626,comparison
2024-01-09,Store 23 - Baltimore,274.5,247.55,-26.95,139.81,6,9,0.0,0.0,247.55,0.09817850637522768,41.25833333333333,comparison
2024-01-09,Store 24 - Las Vegas,514.5,514.5,0.0,303.08,6,11,0.0,0.0,514.5,-0.0,85.75,comparison
2024-01-09,Store 25 - San Diego,959.5,911.9,-47.599999999999994,511.81,12,21,0.0,0.0,911.9,0.04960917144346013,75.99166666666666,comparison
2024-01-09,Store 26 - Los Angeles,2334.5,2270.3,-64.19999999999999,1281.8,24,51,0.0,0.0,2270.3,0.02750053544656243,94.59583333333335,comparison
2024-01-09,Store 27 - San Jose,999.5,936.65,-62.85,551.75,13,31,-24.0,1.0,912.65,0.06288144072036018,72.05,comparison
2024-01-09,Store 28 - Sacramento,1672.0,1605.43,-66.57,913.69,22,43,0.0,0.0,1605.43,0.0398145933014354,72.97409090909092,comparison
2024-01-09,Store 29 - Minneapolis,1968.0,1879.45,-88.55,1035.16,24,44,0.0,0.0,1879.45,0.04499491869918699,78.31041666666667,comparison
2024-01-09,Store 30 - Kansas City,1206.5,1132.45,-74.05,598.09,13,24,0.0,0.0,1132.45,0.061375880646498134,87.11153846153846,comparison
2024-01-10,Store 01 - Austin,934.5,910.25,-24.25,478.5,10,15,0.0,0.0,910.25,0.025949705724986623,91.025,comparison
2024-01-10,Store 02 - Dallas,1442.5,1373.45,-69.05,761.5,13,33,0.0,0.0,1373.45,0.04786828422876949,105.65,comparison
2024-01-10,Store 03 - Houston,271.0,265.3,-5.7,155.7,7,8,0.0,0.0,265.3,0.02103321033210332,37.9,comparison
2024-01-10,Store 04 - San Antonio,1359.5,1289.15,-70.35000000000001,703.85,14,32,0.0,0.0,1289.15,0.05174696579624863,92.08214285714287,comparison
2024-01-10,Store 05 - Phoenix,1592.0,1521.5,-70.5,845.71,19,36,0.0,0.0,1521.5,0.04428391959798995,80.07894736842105,comparison
2024-01-10,Store 06 - Denver,781.5,708.3,-73.2,378.03999999999996,10,18,0.0,0.0,708.3,0.09366602687140116,70.83,comparison
2024-01-10,Store 07 - Seattle,943.5,884.3,-59.2,526.66,12,29,0.0,0.0,884.3,0.06274509803921569,73.69166666666666,comparison
2024-01-10,Store 08 - Portland,676.5,613.83,-62.67,321.14,5,14,0.0,0.0,613.83,0.09263858093126386,122.766,comparison
2024-01-10,Store 09 - Chicago,3560.5,3405.6,-154.9,1940.67,41,81,0.0,0.0,3405.6,0.04350512568459486,83.06341463414634,comparison
2024-01-10,Store 10 - Detroit,1876.0,1776.18,-99.82,966.13,20,42,-79.0,1.0,1697.18,0.0532089552238806,88.809,comparison
2024-01-10,Store 11 - Columbus,1896.5,1810.6,-85.9,939.83,15,34,0.0,0.0,1810.6,0.04529396256261535,120.70666666666666,comparison
2024-01-10,Store 12 - Atlanta,825.0,788.2,-36.8,449.09000000000003,10,20,0.0,0.0,788.2,0.0446060606060606,78.82000000000001,comparison
2024-01-10,Store 13 - Miami,1120.0,1034.35,-85.65,567.01,13,30,0.0,0.0,1034.35,0.0764732142857143,79.5653846153846,comparison
2024-01-10,Store 14 - Orlando,765.5,740.95,-24.55,408.47,8,18,-15.0,1.0,725.95,0.03207054212932724,92.61875,comparison
2024-01-10,Store 15 - Tampa,1534.5,1414.85,-119.65,750.8,19,34,-26.0,1.0,1388.85,0.07797328119908765,74.46578947368421,comparison
2024-01-10,Store 16 - Charlotte,819.0,784.1,-34.900000000000006,440.09,12,20,0.0,0.0,784.1,0.04261294261294262,65.34166666666667,comparison
2024-01-10,Store 17 - Nashville,1857.0,1721.2,-135.8,888.48,16,33,-45.0,1.0,1676.2,0.07312870220786215,107.575,comparison
2024-01-10,Store 18 - Memphis,2453.0,2317.45,-135.55,1324.03,32,61,0.0,0.0,2317.45,0.05525886669384428,72.4203125,comparison
2024-01-10,Store 19 - Boston,719.0,678.6,-40.400000000000006,388.5,7,14,0.0,0.0,678.6,0.05618915159944368,96.94285714285715,comparison
2024-01-10,Store 20 - New York,1718.0,1655.4,-62.599999999999994,931.92,18,40,-68.0,1.0,1587.4,0.03643771827706635,91.96666666666667,comparison
2024-01-10,Store 21 - Brooklyn,769.5,734.9,-34.6,413.19,9,19,-76.0,2.0,658.9,0.04496426250812216,81.65555555555555,comparison
2024-01-10,Store 22 - Philadelphia,1006.0,980.51,-25.49,589.04,13,26,0.0,0.0,980.51,0.02533797216699801,75.42384615384616,comparison
2024-01-10,Store 23 - Baltimore,562.0,534.4,-27.6,303.19,9,16,0.0,0.0,534.4,0.049110320284697515,59.37777777777777,comparison
2024-01-10,Store 24 - Las Vegas,888.0,863.8000000000001,-24.200000000000003,491.45000000000005,9,21,0.0,0.0,863.8000000000001,0.027252252252252255,95.97777777777779,comparison
2024-01-10,Store 25 - San Diego,1532.0,1468.85,-63.15,810.0799999999999,15,33,0.0,0.0,1468.85,0.04122062663185379,97.92333333333333,comparison
2024-01-10,Store 26 - Los Angeles,3390.0,3224.4,-165.6,1713.47,38,72,0.0,0.0,3224.4,0.048849557522123895,84.85263157894737,comparison
2024-01-10,Store 27 - San Jose,1115.0,1066.2,-48.800000000000004,616.17,16,25,0.0,0.0,1066.2,0.04376681614349776,66.6375,comparison
2024-01-10,Store 28 - Sacramento,3354.5,3283.73,-70.77,1863.44,33,82,0.0,0.0,3283.73,0.021097033835146817,99.50696969696969,comparison
2024-01-10,Store 29 - Minneapolis,3359.0,3192.1,-166.9,1722.66,36,74,0.0,0.0,3192.1,0.04968740696635904,88.66944444444444,comparison
2024-01-10,Store 30 - Kansas City,1273.0,1189.62,-83.38,644.0,20,31,0.0,0.0,1189.62,0.06549882168106834,59.480999999999995,comparison
2024-01-11,Store 01 - Austin,1429.5,1320.55,-108.95,700.45,14,29,0.0,0.0,1320.55,0.07621545995103184,94.325,comparison
2024-01-11,Store 02 - Dallas,1017.5,1008.95,-8.55,600.54,14,25,0.0,0.0,1008.95,0.008402948402948404,72.06785714285715,comparison
2024-01-11,Store 03 - Houston,1138.5,1063.4,-75.1,578.29,9,25,0.0,0.0,1063.4,0.06596398770311813,118.15555555555557,comparison
2024-01-11,Store 04 - San Antonio,935.0,889.6,-45.4,504.07,12,20,0.0,0.0,889.6,0.04855614973262032,74.13333333333334,comparison
2024-01-11,Store 05 - Phoenix,3039.0,2914.88,-124.12,1543.19,31,65,-129.0,1.0,2785.88,0.040842382362619285,94.0283870967742,comparison
2024-01-11,Store 06 - Denver,1218.0,1144.05,-73.95,658.6,11,31,0.0,0.0,1144.05,0.060714285714285714,104.00454545454545,comparison
2024-01-11,Store 07 - Seattle,607.0,578.56,-28.439999999999998,321.23,7,16,0.0,0.0,578.56,0.046853377265238874,82.65142857142857,comparison
2024-01-11,Store 08 - Portland,1163.0,1130.6,-32.400000000000006,664.62,13,28,0.0,0.0,1130.6,0.02785898538263113,86.96923076923076,comparison
2024-01-11,Store 09 - Chicago,3923.0,3721.33,-201.67,2054.07,36,88,0.0,0.0,3721.33,0.051407086413459084,103.37027777777777,comparison
2024-01-11,Store 10 - Detroit,830.5,806.7,-23.8,476.65,15,28,0.0,0.0,806.7,0.028657435279951838,53.78,comparison
2024-01-11,Store 11 - Columbus,1520.5,1457.75,-62.75,802.3199999999999,15,35,-65.0,1.0,1392.75,0.0412693193028609,97.18333333333334,comparison
2024-01-11,Store 12 - Atlanta,607.5,593.48,-14.02,311.40999999999997,4,11,0.0,0.0,593.48,0.02307818930041152,148.37,comparison
2024-01-11,Store 13 - Miami,1199.0,1149.9,-49.1,665.6899999999999,16,33,0.0,0.0,1149.9,0.040950792326939114,71.86875,comparison
2024-01-11,Store 14 - Orlando,1094.0,1062.33,-31.669999999999998,610.06,13,28,0.0,0.0,1062.33,0.028948811700182812,81.7176923076923,comparison
2024-01-11,Store 15 - Tampa,1280.5,1220.5,-60.0,702.81,16,33,0.0,0.0,1220.5,0.0468566966028895,76.28125,comparison
2024-01-11,Store 16 - Charlotte,2036.0,1863.85,-172.15,988.42,21,51,0.0,0.0,1863.85,0.08455304518664047,88.7547619047619,comparison
2024-01-11,Store 17 - Nashville,1344.5,1282.4,-62.1,728.91,19,35,0.0,0.0,1282.4,0.04618817404239494,67.49473684210527,comparison
2024-01-11,Store 18 - Memphis,3233.5,2994.27,-239.23,1563.3,32,72,0.0,0.0,2994.27,0.07398484614195144,93.5709375,comparison
2024-01-11,Store 19 - Boston,373.0,360.9,-12.1,199.89,5,9,0.0,0.0,360.9,0.0324396782841823,72.17999999999999,comparison
2024-01-11,Store 20 - New York,1560.0,1454.5,-105.5,784.0,17,36,-59.0,1.0,1395.5,0.06762820512820512,85.55882352941177,comparison
2024-01-11,Store 21 - Brooklyn,528.0,479.7,-48.3,259.73,11,13,0.0,0.0,479.7,0.09147727272727273,43.60909090909091,comparison
2024-01-11,Store 22 - Philadelphia,1536.5,1411.0,-125.5,771.47,20,41,0.0,0.0,1411.0,0.08167914090465343,70.55,comparison
2024-01-11,Store 23 - Baltimore,742.5,730.1,-12.399999999999999,406.14,8,18,0.0,0.0,730.1,0.016700336700336698,91.2625,comparison
2024-01-11,Store 24 - Las Vegas,1125.5,1067.15,-58.35,553.39,12,21,-42.0,1.0,1025.15,0.051843625055530876,88.92916666666667,comparison
2024-01-11,Store 25 - San Diego,716.0,701.85,-14.15,399.21,10,15,0.0,0.0,701.85,0.019762569832402235,70.185,comparison
2024-01-11,Store 26 - Los Angeles,3032.5,2904.9,-127.60000000000001,1641.23,42,78,0.0,0.0,2904.9,0.04207749381698269,69.16428571428571,comparison
2024-01-11,Store 27 - San Jose,1302.0,1256.55,-45.45,656.14,11,25,0.0,0.0,1256.55,0.03490783410138249,114.23181818181818,comparison
2024-01-11,Store 28 - Sacramento,2320.0,2225.25,-94.75,1259.29,29,56,0.0,0.0,2225.25,0.04084051724137931,76.73275862068965,comparison
2024-01-11,Store 29 - Minneapolis,2148.5,2074.83,-73.67,1200.95,29,55,-119.0,2.0,1955.83,0.03428903886432395,71.54586206896552,comparison
2024-01-11,Store 30 - Kansas City,2613.5,2446.25,-167.25,1361.6599999999999,24,61,-18.0,1.0,2428.25,0.06399464319877558,101.92708333333333,comparison
2024-01-12,Store 01 - Austin,367.5,346.95,-20.549999999999997,203.82,8,13,0.0,0.0,346.95,0.055918367346938766,43.36875,comparison
2024-01-12,Store 02 - Dallas,2665.0,2560.2400000000002,-104.76,1396.57,22,60,0.0,0.0,2560.2400000000002,0.03930956848030019,116.37454545454547,comparison
2024-01-12,Store 03 - Houston,1452.0,1338.55,-113.45,702.68,17,30,0.0,0.0,1338.55,0.078133608815427,78.73823529411764,comparison
2024-01-12,Store 04 - San Antonio,2122.5,2017.6,-104.9,1117.03,24,48,-26.0,1.0,1991.6,0.04942285041224971,84.06666666666666,comparison
2024-01-12,Store 05 - Phoenix,3514.0,3301.28,-212.72,1846.48,52,93,0.0,0.0,3301.28,0.06053500284575982,63.48615384615385,comparison
2024-01-12,Store 06 - Denver,1598.5,1490.15,-108.35000000000001,794.2099999999999,17,37,-84.5,2.0,1405.65,0.06778229590240852,87.65588235294118,comparison
2024-01-12,Store 07 - Seattle,708.5,703.45,-5.05,409.06,10,19,0.0,0.0,703.45,0.00712773465067043,70.345,comparison
2024-01-12,Store 08 - Portland,866.5,849.85,-16.65,441.27,8,13,0.0,0.0,849.85,0.019215233698788227,106.23125,comparison
2024-01-12,Store 09 - Chicago,3224.5,3096.7000000000003,-127.8,1806.29,38,88,0.0,0.0,3096.7000000000003,0.039634051790975344,81.4921052631579,comparison
2024-01-12,Store 10 - Detroit,2823.0,2723.9,-99.1,1475.27,27,64,0.0,0.0,2723.9,0.0351044987601842,100.8851851851852,comparison
2024-01-12,Store 11 - Columbus,1118.0,1088.3,-29.7,612.17,18,29,0.0,0.0,1088.3,0.02656529516994633,60.46111111111111,comparison
2024-01-12,Store 12 - Atlanta,1831.5,1718.38,-113.12,911.34,17,42,0.0,0.0,1718.38,0.061763581763581765,101.08117647058825,comparison
2024-01-12,Store 13 - Miami,1543.0,1500.9,-42.1,855.26,19,41,0.0,0.0,1500.9,0.02728451069345431,78.99473684210527,comparison
2024-01-12,Store 14 - Orlando,896.0,854.1,-41.9,486.07,9,24,0.0,0.0,854.1,0.04676339285714286,94.9,comparison
2024-01-12,Store 15 - Tampa,2927.0,2803.3,-123.7,1583.51,33,64,-30.0,1.0,2773.3,0.042261701400751625,84.94848484848485,comparison
2024-01-12,Store 16 - Charlotte,1204.0,1156.9,-47.1,713.22,21,37,-49.0,1.0,1107.9,0.03911960132890366,55.090476190476195,comparison
2024-01-12,Store 17 - Nashville,1640.5,1554.13,-86.37,864.1,23,42,0.0,0.0,1554.13,0.05264858274916184,67.5708695652174,comparison
2024-01-12,Store 18 - Memphis,3766.0,3660.83,-105.17,2048.95,43,86,0.0,0.0,3660.83,0.027926181625066385,85.13558139534884,comparison
2024-01-12,Store 19 - Boston,1351.0,1266.1,-84.9,649.4399999999999,14,22,-19.5,1.0,1246.6,0.06284233900814212,90.43571428571428,comparison
2024-01-12,Store 20 - New York,1861.0,1762.05,-98.95,945.27,21,37,0.0,0.0,1762.05,0.0531703385276733,83.90714285714286,comparison
2024-01-12,Store 21 - Brooklyn,1433.0,1381.08,-51.92,751.96,13,28,0.0,0.0,1381.08,0.03623168178646197,106.23692307692308,comparison
2024-01-12,Store 22 - Philadelphia,1476.0,1395.58,-80.42,773.34,21,36,0.0,0.0,1395.58,0.05448509485094851,66.45619047619047,comparison
2024-01-12,Store 23 - Baltimore,905.0,860.1,-44.900000000000006,466.6,11,20,-50.0,2.0,810.1,0.04961325966850829,78.19090909090909,comparison
2024-01-12,Store 24 - Las Vegas,1044.0,986.05,-57.949999999999996,507.95,11,22,0.0,0.0,986.05,0.055507662835249036,89.64090909090909,comparison
2024-01-12,Store 25 - San Diego,698.0,675.65,-22.35,361.98,6,12,0.0,0.0,675.65,0.03202005730659026,112.60833333333333,comparison
2024-01-12,Store 26 - Los Angeles,1880.5,1818.06,-62.44,1010.63,31,46,-21.0,1.0,1797.06,0.033203935123637326,58.64709677419355,comparison
2024-01-12,Store 27 - San Jose,2155.5,2014.35,-141.15,1077.62,24,48,0.0,0.0,2014.35,0.06548364648573417,83.93124999999999,comparison
2024-01-12,Store 28 - Sacramento,2771.0,2644.55,-126.45,1510.99,37,73,-40.0,1.0,2604.55,0.04563334536268495,71.47432432432433,comparison
2024-01-12,Store 29 - Minneapolis,2988.0,2874.75,-113.25,1610.72,41,75,0.0,0.0,2874.75,0.03790160642570281,70.11585365853658,comparison
2024-01-12,Store 30 - Kansas City,1710.0,1642.07,-67.93,939.87,25,46,-45.0,1.0,1597.07,0.03972514619883041,65.6828,comparison
2024-01-13,Store 01 - Austin,1468.5,1425.75,-42.75,787.04,14,32,0.0,0.0,1425.75,0.029111338100102146,101.83928571428571,comparison
2024-01-13,Store 02 - Dallas,2319.0,2160.7,-158.3,1204.61,24,51,-34.0,1.0,2126.7,0.06826218197498922,90.02916666666665,comparison
2024-01-13,Store 03 - Houston,916.5,885.05,-31.45,488.42,14,24,0.0,0.0,885.05,0.03431533006001091,63.21785714285714,comparison
2024-01-13,Store 04 - San Antonio,2762.0,2576.08,-185.92000000000002,1365.63,28,64,0.0,0.0,2576.08,0.06731354091238234,92.00285714285714,comparison
2024-01-13,Store 05 - Phoenix,3973.5,3862.23,-111.27,2176.0299999999997,54,100,-32.0,1.0,3830.23,0.028003020007550016,71.52277777777778,comparison
2024-01-13,Store 06 - Denver,1270.5,1196.5,-74.0,710.99,17,39,0.0,0.0,1196.5,0.05824478551751279,70.38235294117646,comparison
2024-01-13,Store 07 - Seattle,1467.5,1405.75,-61.75,793.49,16,35,-42.0,1.0,1363.75,0.042078364565587736,87.859375,comparison
2024-01-13,Store 08 - Portland,1161.0,1087.6299999999999,-73.37,617.31,17,32,0.0,0.0,1087.6299999999999,0.06319552110249785,63.97823529411764,comparison
2024-01-13,Store 09 - Chicago,4149.5,3960.4,-189.1,2289.73,49,104,0.0,0.0,3960.4,0.04557175563320882,80.82448979591837,comparison
2024-01-13,Store 10 - Detroit,2499.0,2410.15,-88.85000000000001,1387.6,23,58,-129.0,1.0,2281.15,0.035554221688675475,104.7891304347826,comparison
2024-01-13,Store 11 - Columbus,1810.5,1763.7,-46.8,981.54,21,41,0.0,0.0,1763.7,0.02584921292460646,83.9857142857143,comparison
2024-01-13,Store 12 - Atlanta,1598.0,1538.5,-59.5,825.9399999999999,15,35,0.0,0.0,1538.5,0.03723404255319149,102.56666666666666,comparison
2024-01-13,Store 13 - Miami,2027.0,1892.35,-134.65,1032.24,23,48,0.0,0.0,1892.35,0.06642821904292058,82.27608695652174,comparison
2024-01-13,Store 14 - Orlando,1274.0,1244.5,-29.5,653.09,13,22,0.0,0.0,1244.5,0.02315541601255887,95.73076923076923,comparison
2024-01-13,Store 15 - Tampa,1251.5,1224.25,-27.25,713.64,20,33,0.0,0.0,1224.25,0.021773871354374752,61.2125,comparison
2024-01-13,Store 16 - Charlotte,1887.0,1785.5,-101.5,978.23,21,44,0.0,0.0,1785.5,0.05378908320084791,85.02380952380952,comparison
2024-01-13,Store 17 - Nashville,1817.5,1724.3,-93.2,1013.92,26,58,0.0,0.0,1724.3,0.05127922971114168,66.31923076923077,comparison
2024-01-13,Store 18 - Memphis,4677.5,4390.05,-287.45,2389.19,55,111,-138.0,2.0,4252.05,0.06145376803848209,79.81909090909092,comparison
2024-01-13,Store 19 - Boston,531.5,505.86,-25.64,289.03,9,17,0.0,0.0,505.86,0.04824082784571966,56.20666666666667,comparison
2024-01-13,Store 20 - New York,1834.5,1751.16,-83.34,972.06,27,42,0.0,0.0,1751.16,0.04542927228127555,64.85777777777778,comparison
2024-01-13,Store 21 - Brooklyn,1471.0,1398.5,-72.5,799.21,18,37,-59.0,1.0,1339.5,0.049286199864038066,77.69444444444444,comparison
2024-01-13,Store 22 - Philadelphia,1627.0,1498.0,-129.0,841.42,20,44,0.0,0.0,1498.0,0.07928703134603565,74.9,comparison
2024-01-13,Store 23 - Baltimore,2206.5,2159.7,-46.8,1196.08,17,44,-26.0,1.0,2133.7,0.021210061182868795,127.04117647058823,comparison
2024-01-13,Store 24 - Las Vegas,2424.0,2334.7,-89.3,1328.47,23,52,-30.0,1.0,2304.7,0.03683993399339934,101.5086956521739,comparison
2024-01-13,Store 25 - San Diego,1383.0,1312.15,-70.85,739.78,14,35,0.0,0.0,1312.15,0.0512292118582791,93.72500000000001,comparison
2024-01-13,Store 26 - Los Angeles,3510.5,3319.06,-191.44,1899.55,48,93,-89.0,1.0,3230.06,0.0545335422304515,69.14708333333333,comparison
2024-01-13,Store 27 - San Jose,2709.5,2587.85,-121.65,1456.83,29,59,0.0,0.0,2587.85,0.04489758257981177,89.23620689655172,comparison
2024-01-13,Store 28 - Sacramento,4791.5,4583.59,-207.91,2569.74,53,116,-42.0,1.0,4541.59,0.04339142231034123,86.48283018867924,comparison
2024-01-13,Store 29 - Minneapolis,4056.5,3897.63,-158.87,2231.07,45,98,-24.0,1.0,3873.63,0.03916430420313078,86.614,comparison
2024-01-13,Store 30 - Kansas City,1893.5,1786.9,-106.60000000000001,975.77,24,40,0.0,0.0,1786.9,0.05629786110377608,74.45416666666667,comparison
